Unique_ID,Similarity_score
0,0.9703557312252964
1,0.9785276073619632
2,0.9752066115702479
3,0.9661654135338346
4,0.9389204545454546
5,0.9621621621621621
6,0.978401727861771
7,0.9462915601023018
8,0.9612068965517241
9,0.9196428571428571
10,0.9894179894179894
11,0.9800796812749004
12,0.9541666666666667
13,0.9305263157894736
14,0.962962962962963
15,0.973561430793157
16,0.9664429530201343
17,0.9762419006479481
18,0.9234875444839857
19,0.9683098591549296
20,0.9578947368421052
21,0.968421052631579
22,0.9566326530612245
23,0.9787798408488063
24,0.9647887323943662
25,0.9675090252707581
26,0.9556451612903226
27,0.9248826291079812
28,0.9836734693877551
29,0.9681372549019608
30,0.978448275862069
31,0.9861111111111112
32,0.9368421052631579
33,0.9675090252707581
34,0.9786096256684492
35,0.9763513513513513
36,0.9538461538461538
37,0.9715302491103203
38,0.968421052631579
39,0.9821073558648111
40,0.9719626168224299
41,0.981630309988519
42,0.9653767820773931
43,0.9569377990430622
44,0.9615384615384616
45,0.9285714285714286
46,0.9685039370078741
47,0.9827586206896551
48,0.9558359621451105
49,0.9907407407407407
50,0.9611872146118722
51,0.967391304347826
52,0.9842767295597484
53,0.9645569620253165
54,0.9659863945578231
55,0.9681697612732095
56,0.9846153846153847
57,0.9721254355400697
58,0.9573033707865168
59,0.9651162790697675
60,0.9525423728813559
61,0.9475409836065574
62,0.9727891156462585
63,0.9624060150375939
64,0.9826989619377162
65,0.9881305637982196
66,0.9785714285714285
67,0.9682080924855492
68,0.9563492063492064
69,0.9602272727272727
70,0.9681818181818181
71,0.9806576402321083
72,0.9868073878627969
73,0.9798270893371758
74,0.9757281553398058
75,0.9813664596273292
76,0.9736842105263158
77,0.9528907922912205
78,0.9723502304147466
79,0.9516728624535316
80,0.9501779359430605
81,0.9710843373493976
82,0.9562982005141388
83,0.9790940766550522
84,0.9761904761904762
85,0.9914893617021276
86,0.9628647214854111
87,0.9648093841642229
88,0.9672619047619048
89,0.9583333333333334
90,0.9547619047619048
91,0.9840255591054313
92,0.9786585365853658
93,0.9542857142857143
94,0.9636963696369637
95,0.9643916913946587
96,0.9755102040816327
97,0.9595588235294118
98,0.9704797047970479
99,0.9640287769784173
100,0.9933554817275747
101,0.9772727272727273
102,0.9719101123595506
103,0.9653579676674365
104,0.9592233009708738
105,0.9587912087912088
106,0.9866666666666667
107,0.973753280839895
108,0.9956521739130435
109,0.9745958429561201
110,0.974025974025974
111,0.9805194805194806
112,0.977859778597786
113,0.9839228295819936
114,0.9641791044776119
115,0.9444444444444444
116,0.9857651245551602
117,0.9771863117870723
118,0.963265306122449
119,0.9639423076923077
120,0.9809782608695652
121,0.960352422907489
122,0.9606986899563319
123,0.9689807976366323
124,0.9735849056603774
125,0.975609756097561
126,0.9616613418530351
127,0.9848484848484849
128,0.9643652561247216
129,0.9742489270386266
130,0.979933110367893
131,0.9705882352941176
132,0.9650655021834061
133,0.9667774086378738
134,0.9509803921568627
135,0.9698996655518395
136,0.962059620596206
137,0.9636363636363636
138,0.9704433497536946
139,0.9793577981651376
140,0.9701897018970189
141,0.9664429530201343
142,0.9913793103448276
143,0.9713261648745519
144,0.9601518026565465
145,0.9689265536723164
146,0.9397363465160076
147,0.9635036496350365
148,0.9278688524590164
149,0.9523809523809523
150,0.9590834697217676
151,0.9764957264957265
152,0.9643835616438357
153,0.994413407821229
154,0.9634146341463414
155,0.9585987261146497
156,0.9558011049723757
157,0.9501466275659824
158,0.993127147766323
159,0.9082125603864735
160,0.976271186440678
161,0.9470404984423676
162,0.967741935483871
163,0.96
164,0.9845559845559846
165,0.9610705596107056
166,0.9858657243816255
167,0.9674556213017751
168,0.9650793650793651
169,0.9626556016597511
170,0.981042654028436
171,0.979381443298969
172,0.9793103448275862
173,0.9839357429718876
174,0.9956896551724138
175,0.9770833333333333
176,0.9532710280373832
177,0.968421052631579
178,0.9840182648401826
179,0.9338842975206612
180,0.9862068965517241
181,0.920940170940171
182,0.9693486590038314
183,0.9617486338797814
184,0.9633802816901409
185,0.9484978540772532
186,0.9724770642201834
187,0.9834710743801653
188,0.9523026315789473
189,0.9652509652509652
190,0.9250585480093677
191,0.9670781893004116
192,0.9887640449438202
193,0.9757085020242915
194,0.9807073954983923
195,0.9607390300230947
196,0.968
197,0.9720496894409938
198,0.9881889763779528
199,0.9651474530831099
200,0.9746376811594203
201,0.9843342036553525
202,0.9631901840490797
203,0.9671532846715328
204,0.9850299401197605
205,0.9834983498349835
206,0.9576719576719577
207,0.9679715302491103
208,0.9796954314720813
209,0.9703557312252964
210,0.9897959183673469
211,0.9748427672955975
212,0.9713467048710601
213,0.9926739926739927
214,0.9614457831325302
215,0.9782608695652174
216,1.0
217,0.962962962962963
218,0.9606060606060606
219,0.96309963099631
220,0.9859154929577465
221,0.95
222,0.9831081081081081
223,0.9727626459143969
224,0.9783393501805054
225,0.9643916913946587
226,0.9745762711864406
227,0.9772727272727273
228,0.955026455026455
229,0.9814814814814815
230,0.9783950617283951
231,0.9609375
232,0.986159169550173
233,0.9782608695652174
234,0.9459459459459459
235,0.9725609756097561
236,0.9502664298401421
237,0.9652509652509652
238,0.9574303405572755
239,0.9731543624161074
240,0.9615384615384616
241,0.9786324786324786
242,0.9789719626168224
243,0.9754901960784313
244,0.961038961038961
245,0.9415887850467289
246,0.975177304964539
247,0.9697508896797153
248,0.9867549668874173
249,0.9813432835820896
250,0.9612590799031477
251,0.9783653846153846
252,0.9816176470588235
253,0.9970149253731343
254,0.9404255319148936
255,0.9548532731376975
256,0.9716088328075709
257,0.9709677419354839
258,0.9956896551724138
259,0.97
260,0.9823788546255506
261,0.9599056603773585
262,0.959866220735786
263,0.9878542510121457
264,0.9662162162162162
265,0.9778481012658228
266,0.9864253393665159
267,0.9727722772277227
268,0.9543973941368078
269,0.9752066115702479
270,0.9536679536679536
271,0.9792387543252595
272,0.9649122807017544
273,0.9841628959276019
274,0.8695652173913043
275,0.9383033419023137
276,0.9758713136729222
277,0.9745454545454545
278,0.981675392670157
279,0.9838709677419355
280,0.9833333333333333
281,0.9480812641083521
282,0.9650872817955112
283,0.9809160305343512
284,0.9
285,0.9763779527559056
286,0.9678832116788321
287,0.9603024574669187
288,0.9664031620553359
289,0.9661399548532731
290,0.96
291,0.9528619528619529
292,0.9739884393063584
293,0.9869565217391304
294,0.9452449567723343
295,0.9612903225806452
296,0.9899244332493703
297,0.9648648648648649
298,0.9631901840490797
299,0.965034965034965
300,0.9821428571428571
301,0.9644268774703557
302,0.9575
303,0.9521640091116174
304,0.9854545454545455
305,0.9813432835820896
306,0.9779874213836478
307,0.9645390070921985
308,0.9812734082397003
309,0.9727626459143969
310,0.973134328358209
311,0.9728260869565217
312,0.9758713136729222
313,0.9592668024439919
314,0.963855421686747
315,0.9744597249508841
316,0.9818181818181818
317,0.9866220735785953
318,0.9594594594594594
319,0.9601328903654485
320,0.9923664122137404
321,0.9767441860465116
322,0.9506172839506173
323,0.9688073394495413
324,0.9556840077071291
325,0.9911699779249448
326,0.9619952494061758
327,0.9523809523809523
328,0.9272030651340997
329,0.9497907949790795
330,0.979381443298969
331,0.9823788546255506
332,0.9601873536299765
333,0.9393939393939394
334,0.9828767123287672
335,0.9722222222222222
336,0.9849624060150376
337,0.9759825327510917
338,0.9521829521829521
339,0.9650793650793651
340,0.9537444933920705
341,0.9764309764309764
342,0.9885931558935361
343,0.9769736842105263
344,0.9739130434782609
345,0.9841772151898734
346,0.9560439560439561
347,0.9809523809523809
348,0.984304932735426
349,0.980246913580247
350,0.9537037037037037
351,0.9722222222222222
352,0.9661458333333334
353,0.974
354,0.9790940766550522
355,0.9742990654205608
356,0.976
357,0.9860335195530726
358,0.9747899159663865
359,0.966
360,0.9822064056939501
361,0.9253731343283582
362,0.968944099378882
363,0.9779411764705882
364,0.9672727272727273
365,0.9489795918367347
366,0.9458333333333333
367,0.9945652173913043
368,0.981549815498155
369,0.9711286089238845
370,0.9715302491103203
371,0.9556451612903226
372,0.9833333333333333
373,0.9642857142857143
374,0.9854227405247813
375,0.9740740740740741
376,0.9901234567901235
377,0.9325581395348838
378,0.9748743718592965
379,0.9723926380368099
380,0.9661971830985916
381,0.9656488549618321
382,0.9478908188585607
383,0.9900249376558603
384,0.953229398663697
385,0.9432098765432099
386,0.970703125
387,0.9730392156862745
388,0.986013986013986
389,0.9804560260586319
390,0.9425493716337523
391,0.978494623655914
392,0.961038961038961
393,0.9699248120300752
394,0.9708333333333333
395,0.9793388429752066
396,0.9879518072289156
397,0.9867549668874173
398,0.9551122194513716
399,0.970873786407767
400,0.9346049046321526
401,0.9806295399515739
402,0.965625
403,0.9863325740318907
404,0.9590909090909091
405,0.925
406,0.9865771812080537
407,0.9633802816901409
408,0.985981308411215
409,0.9656992084432717
410,0.9726027397260274
411,0.9748201438848921
412,0.9554140127388535
413,0.9812206572769953
414,0.9811827956989247
415,0.9748603351955307
416,0.974169741697417
417,1.0
418,0.9738717339667459
419,0.9702970297029703
420,0.9800796812749004
421,0.9903225806451613
422,0.9534246575342465
423,0.9597315436241611
424,0.9385749385749386
425,0.9873417721518988
426,0.9755102040816327
427,0.9790209790209791
428,0.9660574412532636
429,0.9385749385749386
430,0.9720670391061452
431,0.9776119402985075
432,0.9923954372623575
433,0.9654377880184332
434,0.9478079331941545
435,0.9902597402597403
436,0.9434447300771208
437,0.9738903394255874
438,0.9626666666666667
439,0.9933333333333333
440,0.9754768392370572
441,0.9622641509433962
442,0.9246231155778895
443,0.9566326530612245
444,0.9885931558935361
445,0.9897435897435898
446,0.9433106575963719
447,0.9713831478537361
448,0.9661733615221987
449,0.936046511627907
450,0.9308641975308642
451,0.9576547231270358
452,0.9806201550387597
453,0.954248366013072
454,0.9783783783783784
455,0.980225988700565
456,0.9863945578231292
457,0.9807692307692307
458,0.9683972911963883
459,0.9618768328445748
460,0.9551724137931035
461,0.9704797047970479
462,0.9658703071672355
463,0.9743589743589743
464,0.9292929292929293
465,0.9970238095238095
466,0.9814814814814815
467,0.9779005524861879
468,0.9794721407624634
469,0.967032967032967
470,0.9538745387453874
471,0.9764705882352941
472,0.9150943396226415
473,0.9768211920529801
474,0.9613899613899614
475,0.9611111111111111
476,0.9840764331210191
477,0.9616438356164384
478,0.9697885196374623
479,0.9785522788203753
480,0.9789473684210527
481,0.9775280898876404
482,0.993485342019544
483,0.9651162790697675
484,0.9828571428571429
485,0.9634146341463414
486,0.9812734082397003
487,0.9558011049723757
488,0.9519774011299436
489,0.9690402476780186
490,0.9791044776119403
491,0.9695945945945946
492,0.9866220735785953
493,0.9772209567198178
494,0.9649122807017544
495,0.9448818897637795
496,0.9748953974895398
497,0.9827586206896551
498,0.984375
499,0.9647058823529412
500,0.966996699669967
501,0.9626666666666667
502,0.947565543071161
503,0.9252669039145908
504,0.9722991689750693
505,0.9503105590062112
506,0.9777777777777777
507,0.9911764705882353
508,0.9655172413793104
509,0.9348370927318296
510,0.9642857142857143
511,0.956140350877193
512,0.9212598425196851
513,0.9901639344262295
514,0.96045197740113
515,0.9864253393665159
516,0.9452887537993921
517,0.9755700325732899
518,0.9705882352941176
519,0.9584055459272097
520,0.9919354838709677
521,0.9813664596273292
522,0.9651162790697675
523,0.9597701149425287
524,0.9335548172757475
525,0.9400352733686067
526,0.9909502262443439
527,0.9590443686006827
528,0.9839228295819936
529,0.9731404958677686
530,0.9868995633187773
531,0.9529411764705882
532,0.9705882352941176
533,0.9637883008356546
534,0.9407894736842105
535,0.9411764705882353
536,0.9704724409448819
537,0.9753086419753086
538,0.9571788413098237
539,0.9796954314720813
540,0.96484375
541,0.973421926910299
542,0.9699570815450643
543,0.9884726224783862
544,0.9660056657223796
545,0.945054945054945
546,0.9491525423728814
547,0.9635922330097088
548,0.9678571428571429
549,0.9350348027842228
550,0.9880952380952381
551,0.9304347826086956
552,0.9696312364425163
553,0.9419889502762431
554,0.970873786407767
555,0.9709302325581395
556,0.9819004524886877
557,0.9705882352941176
558,0.9685714285714285
559,0.9759036144578314
560,0.9859154929577465
561,0.9806949806949807
562,0.9637305699481865
563,0.9781181619256017
564,0.9826589595375722
565,0.9889705882352942
566,0.9874213836477987
567,0.9658385093167702
568,0.9862385321100917
569,0.9686520376175549
570,0.9661016949152542
571,0.9568965517241379
572,0.9798994974874372
573,0.9735099337748344
574,0.9888579387186629
575,0.9605568445475638
576,0.9674267100977199
577,0.9885714285714285
578,0.9874213836477987
579,0.9805352798053528
580,0.9826589595375722
581,0.9542619542619543
582,0.9731958762886598
583,0.9449760765550239
584,0.9910179640718563
585,0.9512987012987013
586,0.9442896935933147
587,0.9766990291262136
588,0.9798270893371758
589,0.9847908745247148
590,0.9617117117117118
591,0.9548022598870056
592,0.9671052631578947
593,0.9651741293532339
594,0.965556831228473
595,0.9724770642201834
596,0.9730538922155688
597,0.9841897233201581
598,0.9532163742690059
599,0.9785932721712538
600,0.9322916666666666
601,0.983754512635379
602,0.9256965944272446
603,0.962962962962963
604,0.9692832764505119
605,0.9627507163323782
606,0.9822064056939501
607,0.9584415584415584
608,0.9669421487603306
609,0.959409594095941
610,0.9694189602446484
611,0.9846743295019157
612,0.9823943661971831
613,0.978515625
614,0.9819819819819819
615,0.9597315436241611
616,0.9744245524296675
617,0.9551401869158879
618,0.9511278195488722
619,0.9577464788732395
620,0.9791666666666666
621,0.9762845849802372
622,0.9477611940298507
623,0.9801192842942346
624,0.9857142857142858
625,0.9868421052631579
626,0.9828571428571429
627,0.9415322580645161
628,0.9244791666666666
629,0.9826388888888888
630,0.9857954545454546
631,0.9566074950690335
632,0.9612403100775194
633,0.9908814589665653
634,0.9669421487603306
635,0.9831081081081081
636,0.9838709677419355
637,0.9877551020408163
638,0.9646464646464646
639,0.9823008849557522
640,0.9657794676806084
641,0.9751243781094527
642,0.9512195121951219
643,0.9512195121951219
644,0.9917127071823204
645,0.98
646,0.9859943977591037
647,0.9747747747747748
648,0.9797297297297297
649,0.9587155963302753
650,0.967479674796748
651,0.9862637362637363
652,0.9706959706959707
653,0.9820359281437125
654,0.9782608695652174
655,0.9598853868194842
656,0.9767441860465116
657,0.9861111111111112
658,0.9743223965763196
659,0.96
660,0.9676674364896074
661,0.966996699669967
662,0.9807692307692307
663,0.9549763033175356
664,0.9683794466403162
665,0.9473684210526316
666,0.9797297297297297
667,0.9598765432098766
668,0.9877675840978594
669,0.9726890756302521
670,0.9531615925058547
671,0.9463519313304721
672,0.9852941176470589
673,0.9866071428571429
674,0.9722222222222222
675,0.9710743801652892
676,0.9754464285714286
677,0.976063829787234
678,0.9754716981132076
679,0.9703264094955489
680,0.9402985074626866
681,0.9612676056338029
682,0.9112343966712899
683,0.9659090909090909
684,0.9567010309278351
685,0.9733333333333334
686,0.9828850855745721
687,0.9653979238754326
688,0.9626373626373627
689,0.9613733905579399
690,0.9787234042553191
691,0.9363636363636364
692,0.9619422572178478
693,0.9888475836431226
694,0.9470198675496688
695,0.9292237442922374
696,0.972972972972973
697,0.9617346938775511
698,0.9515828677839852
699,0.978448275862069
700,0.979539641943734
701,0.9453781512605042
702,0.9770992366412213
703,0.9607843137254902
704,0.972972972972973
705,0.975
706,0.9777777777777777
707,0.9818181818181818
708,0.959493670886076
709,0.9769392033542977
710,0.9640831758034026
711,0.9733333333333334
712,0.9907120743034056
713,0.9764705882352941
714,0.9809782608695652
715,0.9911111111111112
716,0.962962962962963
717,0.9835616438356164
718,0.95662100456621
719,0.9498432601880877
720,0.9801587301587301
721,0.9618320610687023
722,0.9682539682539683
723,0.9571150097465887
724,0.9644268774703557
725,0.990990990990991
726,0.973170731707317
727,0.9681818181818181
728,0.9738562091503268
729,0.9937888198757764
730,0.9713375796178344
731,0.964824120603015
732,0.9563636363636363
733,0.975177304964539
734,0.9641873278236914
735,0.9774774774774775
736,0.9678456591639871
737,0.9726775956284153
738,0.9331797235023042
739,0.9845559845559846
740,0.9515418502202643
741,0.9742120343839542
742,0.9779951100244498
743,0.9525
744,0.9580952380952381
745,0.9802631578947368
746,0.9752747252747253
747,0.9733333333333334
748,0.9439775910364145
749,0.9577922077922078
750,0.9411764705882353
751,0.9803149606299213
752,0.9769452449567724
753,0.9528023598820059
754,0.9696048632218845
755,0.9552238805970149
756,0.961038961038961
757,0.9759358288770054
758,0.96875
759,0.9764705882352941
760,0.9549180327868853
761,0.958029197080292
762,0.9522776572668112
763,0.9833887043189369
764,0.9858657243816255
765,0.9653679653679653
766,0.963076923076923
767,0.9710526315789474
768,0.9612756264236902
769,0.978494623655914
770,0.98125
771,0.96
772,0.9573529411764706
773,0.9748427672955975
774,0.9762845849802372
775,0.9835526315789473
776,0.9594272076372315
777,0.9742765273311897
778,0.9842105263157894
779,0.9572368421052632
780,0.9788519637462235
781,0.974169741697417
782,0.9655172413793104
783,0.9643605870020965
784,0.9734513274336283
785,0.9649122807017544
786,0.9395017793594306
787,0.9828080229226361
788,0.9709090909090909
789,0.93125
790,0.973404255319149
791,0.9694189602446484
792,0.9833887043189369
793,0.9641791044776119
794,0.9640718562874252
795,0.9025974025974026
796,0.9840142095914742
797,0.9909365558912386
798,0.9676375404530745
799,0.96
800,0.990625
801,0.9516728624535316
802,0.9919678714859438
803,0.9315789473684211
804,0.952
805,0.9953051643192489
806,0.9815668202764977
807,0.9632034632034632
808,0.9523809523809523
809,0.9683908045977011
810,0.9615384615384616
811,0.9731903485254692
812,0.9706498951781971
813,0.9573991031390134
814,0.9578544061302682
815,0.9484126984126984
816,0.9721448467966574
817,0.953757225433526
818,0.9559748427672956
819,0.9650145772594753
820,0.9774011299435028
821,0.973170731707317
822,0.9553805774278216
823,0.9970238095238095
824,0.9692307692307692
825,0.9559322033898305
826,0.9742268041237113
827,0.9547244094488189
828,0.9847908745247148
829,0.9707317073170731
830,0.9855072463768116
831,0.9793438639125152
832,0.9827089337175793
833,0.9748427672955975
834,0.9731543624161074
835,0.9823943661971831
836,0.9574074074074074
837,0.9803921568627451
838,0.966996699669967
839,0.9815668202764977
840,0.9617834394904459
841,0.9646017699115044
842,0.9461538461538461
843,0.973621103117506
844,0.9563953488372093
845,0.9603024574669187
846,0.9822064056939501
847,0.9525423728813559
848,0.9438202247191011
849,0.9743589743589743
850,0.9551166965888689
851,0.9619377162629758
852,0.9739130434782609
853,0.9433962264150944
854,0.9705882352941176
855,0.9736842105263158
856,0.9722222222222222
857,0.9814814814814815
858,0.9473684210526316
859,0.9727891156462585
860,0.9766899766899767
861,0.9748201438848921
862,0.9794520547945206
863,0.9232456140350878
864,0.9880239520958084
865,0.9552631578947368
866,0.9844789356984479
867,0.9594882729211087
868,0.9700598802395209
869,0.955078125
870,0.9853801169590644
871,0.978494623655914
872,0.9662921348314607
873,0.9711191335740073
874,0.9707207207207207
875,0.9897435897435898
876,0.9723926380368099
877,0.9761092150170648
878,0.9886363636363636
879,0.9443099273607748
880,0.9551020408163265
881,0.9719101123595506
882,0.9836601307189542
883,0.9820143884892086
884,0.9880239520958084
885,0.9535452322738386
886,0.98
887,0.9832402234636871
888,0.9546485260770975
889,0.9779411764705882
890,0.9728813559322034
891,0.974910394265233
892,0.9717223650385605
893,0.9775784753363229
894,0.9703703703703703
895,0.9671641791044776
896,0.9694656488549618
897,0.9567723342939481
898,0.9790419161676647
899,0.9795081967213115
900,0.9681697612732095
901,0.9447513812154696
902,0.9744408945686901
903,0.9841269841269842
904,0.990909090909091
905,0.9757281553398058
906,0.9683794466403162
907,0.9725400457665904
908,0.9590361445783132
909,0.9598930481283422
910,0.9859649122807017
911,0.9813084112149533
912,0.9752321981424149
913,0.9927536231884058
914,0.9379474940334129
915,0.9818181818181818
916,0.9859550561797753
917,0.9587426326129665
918,0.9831081081081081
919,0.9811320754716981
920,0.9261603375527426
921,0.9734151329243353
922,0.9727891156462585
923,0.9504950495049505
924,0.9808917197452229
925,0.9574468085106383
926,0.9911894273127754
927,0.9526462395543176
928,0.9680232558139534
929,0.9498480243161094
930,0.9598853868194842
931,0.9523809523809523
932,0.9688385269121813
933,0.9484126984126984
934,0.9561068702290076
935,0.97265625
936,0.9806094182825484
937,0.9389473684210526
938,0.9711538461538461
939,0.9877675840978594
940,0.9657534246575342
941,0.9561200923787528
942,0.9578713968957872
943,0.9873015873015873
944,0.9819494584837545
945,0.9852507374631269
946,0.9669669669669669
947,0.9845360824742269
948,0.9591474245115453
949,0.9791044776119403
950,0.9659574468085106
951,0.9618834080717489
952,0.9811320754716981
953,0.981651376146789
954,0.989010989010989
955,0.962962962962963
956,0.9619377162629758
957,0.9501845018450185
958,0.978978978978979
959,0.968944099378882
960,0.9628712871287128
961,0.9936507936507937
962,0.975
963,0.9775910364145658
964,0.9657794676806084
965,0.9834437086092715
966,0.9682539682539683
967,0.9545454545454546
968,0.9668674698795181
969,0.9662447257383966
970,0.9571428571428572
971,0.9626556016597511
972,0.9723076923076923
973,0.9720496894409938
974,0.9653679653679653
975,0.9717514124293786
976,0.9652406417112299
977,0.9888268156424581
978,0.967128027681661
979,0.9689922480620154
980,0.9551886792452831
981,0.9243353783231084
982,0.9678362573099415
983,0.9841269841269842
984,0.9818840579710145
985,0.9696969696969697
986,0.9429477020602218
987,0.9745042492917847
988,0.9605963791267306
989,0.9835526315789473
990,0.992619926199262
991,0.9441489361702128
992,0.9169960474308301
993,0.9690265486725663
994,0.9781818181818182
995,0.9738955823293173
996,0.9912790697674418
997,0.9507042253521126
998,0.9871244635193133
999,0.9385964912280702
1000,0.9443507588532883
1001,0.9707602339181287
1002,0.9767827529021559
1003,0.957286432160804
1004,0.9561200923787528
1005,0.9656160458452722
1006,0.9495798319327731
1007,0.9745454545454545
1008,0.9558232931726908
1009,0.9588014981273408
1010,0.9799426934097422
1011,0.9851851851851852
1012,0.9388489208633094
1013,0.9493670886075949
1014,0.9585798816568047
1015,0.9544592030360531
1016,0.9790794979079498
1017,0.9873096446700508
1018,0.9726027397260274
1019,0.966804979253112
1020,0.971830985915493
1021,0.9414024975984631
1022,0.9776876267748479
1023,0.9786324786324786
1024,0.9795918367346939
1025,0.9952153110047847
1026,0.9269406392694064
1027,0.9847094801223242
1028,0.9767441860465116
1029,0.9826302729528535
1030,0.9501385041551247
1031,0.9692307692307692
1032,0.9789473684210527
1033,0.9589552238805971
1034,0.9703703703703703
1035,0.989010989010989
1036,0.9786821705426356
1037,0.9579524680073126
1038,0.9910714285714286
1039,0.9794871794871794
1040,0.9777777777777777
1041,0.9798657718120806
1042,0.978401727861771
1043,0.9713114754098361
1044,0.9522184300341296
1045,0.979381443298969
1046,0.9779411764705882
1047,0.9737609329446064
1048,0.9655172413793104
1049,0.9664268585131894
1050,0.9893238434163701
1051,0.9674556213017751
1052,0.9723926380368099
1053,0.9769230769230769
1054,0.9626436781609196
1055,0.9458762886597938
1056,0.9736842105263158
1057,0.9578313253012049
1058,0.9663461538461539
1059,0.9688473520249221
1060,0.9728915662650602
1061,0.9704301075268817
1062,0.9608540925266904
1063,0.9558823529411765
1064,0.9770318021201413
1065,0.9823232323232324
1066,0.9705014749262537
1067,0.9797101449275363
1068,0.9775280898876404
1069,0.9261213720316622
1070,0.9695652173913043
1071,0.9757462686567164
1072,0.9832635983263598
1073,0.9887640449438202
1074,0.9710610932475884
1075,0.9721448467966574
1076,0.9836734693877551
1077,0.9821428571428571
1078,0.9794520547945206
1079,0.9575163398692811
1080,0.9956331877729258
1081,0.974025974025974
1082,0.978021978021978
1083,0.9646799116997793
1084,0.9662447257383966
1085,0.9616788321167883
1086,0.9675
1087,0.9668508287292817
1088,0.9858156028368794
1089,0.9604938271604938
1090,0.9748858447488584
1091,0.9715302491103203
1092,0.9604743083003953
1093,0.9713656387665198
1094,0.948339483394834
1095,0.9656488549618321
1096,0.9630541871921182
1097,0.9765886287625418
1098,0.9752066115702479
1099,0.9635854341736695
1100,0.9652173913043478
1101,0.9487179487179487
1102,0.9621928166351607
1103,0.9745042492917847
1104,0.9670050761421319
1105,0.9574861367837338
1106,0.9685039370078741
1107,0.9627791563275434
1108,0.9334975369458128
1109,0.987410071942446
1110,0.9739884393063584
1111,0.9568965517241379
1112,0.9509043927648578
1113,0.9375
1114,0.9378787878787879
1115,0.9803921568627451
1116,0.9654255319148937
1117,0.9351351351351351
1118,0.9230769230769231
1119,0.9453441295546559
1120,0.9722222222222222
1121,0.96875
1122,0.9682539682539683
1123,0.9538461538461538
1124,0.9719298245614035
1125,0.9423558897243107
1126,0.963855421686747
1127,0.9705215419501134
1128,0.9841269841269842
1129,0.9655172413793104
1130,0.9424307036247335
1131,0.9713114754098361
1132,0.8951048951048951
1133,0.9714285714285714
1134,0.9719101123595506
1135,0.989247311827957
1136,0.9655172413793104
1137,0.941025641025641
1138,0.972318339100346
1139,0.9794117647058823
1140,0.9799426934097422
1141,0.9869791666666666
1142,0.9392857142857143
1143,0.9726775956284153
1144,0.9576107899807322
1145,0.9616438356164384
1146,0.9562043795620438
1147,0.9746835443037974
1148,0.9835390946502057
1149,0.9737609329446064
1150,0.9556650246305418
1151,0.9558823529411765
1152,0.9787234042553191
1153,0.946078431372549
1154,0.984
1155,0.9589041095890412
1156,0.9727891156462585
1157,0.9540636042402827
1158,0.9759615384615384
1159,0.9744408945686901
1160,0.9869565217391304
1161,0.9911764705882353
1162,0.9538834951456311
1163,0.9575757575757575
1164,0.9770642201834863
1165,0.9774774774774775
1166,0.975669099756691
1167,0.9692832764505119
1168,0.9841269841269842
1169,0.9595959595959596
1170,0.9770642201834863
1171,0.9786476868327402
1172,0.9782608695652174
1173,0.9712643678160919
1174,0.9931740614334471
1175,0.9742489270386266
1176,0.9642857142857143
1177,0.991044776119403
1178,0.960093896713615
1179,0.961038961038961
1180,0.9427966101694916
1181,0.9597523219814241
1182,0.9853372434017595
1183,0.9510204081632653
1184,0.9563218390804598
1185,0.9731800766283525
1186,0.9621212121212122
1187,0.9541984732824428
1188,0.9732142857142857
1189,0.9918478260869565
1190,0.9745958429561201
1191,0.9914893617021276
1192,0.959375
1193,0.9361702127659575
1194,0.9565217391304348
1195,0.9810606060606061
1196,0.9612590799031477
1197,0.9732142857142857
1198,0.9953051643192489
1199,0.9885057471264368
1200,0.9707792207792207
1201,0.9622641509433962
1202,0.9839142091152815
1203,0.9765100671140939
1204,0.9630541871921182
1205,0.949874686716792
1206,0.982532751091703
1207,0.9587020648967551
1208,0.981549815498155
1209,0.9797421731123389
1210,0.9791666666666666
1211,0.9752066115702479
1212,0.9771573604060914
1213,0.9467680608365019
1214,0.9788235294117648
1215,0.9723618090452262
1216,0.9805825242718447
1217,0.9493670886075949
1218,0.9801980198019802
1219,0.9628712871287128
1220,0.9583333333333334
1221,0.9894736842105263
1222,0.9704301075268817
1223,0.9688581314878892
1224,0.9742173112338858
1225,0.9609375
1226,0.9737903225806451
1227,0.9845679012345679
1228,0.971875
1229,0.9431578947368421
1230,0.9669117647058824
1231,0.9918032786885246
1232,0.9813278008298755
1233,0.9831081081081081
1234,0.9824046920821115
1235,0.9700272479564033
1236,0.9626865671641791
1237,0.9836065573770492
1238,0.9741602067183462
1239,0.9487179487179487
1240,0.9794238683127572
1241,0.9702602230483272
1242,0.9516539440203562
1243,0.9655963302752294
1244,0.9727272727272728
1245,0.9841269841269842
1246,0.9415384615384615
1247,0.953168044077135
1248,0.9706546275395034
1249,0.9641943734015346
1250,0.9652406417112299
1251,0.9252336448598131
1252,0.9233226837060703
1253,0.9761904761904762
1254,0.977961432506887
1255,0.9659735349716446
1256,0.979002624671916
1257,0.9864864864864865
1258,0.9780564263322884
1259,0.9676258992805755
1260,0.9696969696969697
1261,0.9893842887473461
1262,0.951530612244898
1263,0.9840764331210191
1264,0.9853372434017595
1265,0.9796954314720813
1266,0.9661654135338346
1267,0.9723926380368099
1268,0.9920634920634921
1269,0.9700854700854701
1270,0.9609856262833676
1271,0.9595141700404858
1272,0.9423076923076923
1273,0.9691119691119691
1274,0.9828178694158075
1275,0.9708029197080292
1276,0.9838383838383838
1277,0.9797687861271677
1278,0.980349344978166
1279,0.9757085020242915
1280,0.9715447154471545
1281,0.9887005649717514
1282,0.9853479853479854
1283,0.964516129032258
1284,0.9682080924855492
1285,0.9850187265917603
1286,0.9825581395348837
1287,0.9710843373493976
1288,0.9869848156182213
1289,0.9650655021834061
1290,0.9544159544159544
1291,0.9895104895104895
1292,0.9651162790697675
1293,0.9770992366412213
1294,0.9832635983263598
1295,0.977366255144033
1296,0.9861111111111112
1297,0.9859649122807017
1298,0.9726027397260274
1299,0.972027972027972
1300,0.9473684210526316
1301,0.9769585253456221
1302,0.9444444444444444
1303,0.978494623655914
1304,0.9763313609467456
1305,0.9745222929936306
1306,0.9718875502008032
1307,0.9781818181818182
1308,0.9571428571428572
1309,0.9666666666666667
1310,0.9628482972136223
1311,0.9486166007905138
1312,0.9722222222222222
1313,0.940983606557377
1314,0.9744186046511628
1315,0.9551886792452831
1316,0.9693877551020408
1317,0.9896193771626297
1318,0.9719101123595506
1319,0.9844054580896686
1320,0.9824046920821115
1321,0.9707317073170731
1322,0.9590643274853801
1323,0.9752475247524752
1324,0.9525222551928784
1325,0.9822695035460993
1326,0.967741935483871
1327,0.9919678714859438
1328,0.9812734082397003
1329,0.9624664879356568
1330,0.9488636363636364
1331,0.9662447257383966
1332,0.9684466019417476
1333,0.9691943127962085
1334,0.981203007518797
1335,0.9788359788359788
1336,0.975975975975976
1337,0.9509536784741144
1338,0.9415807560137457
1339,0.9686411149825784
1340,0.9804469273743017
1341,0.9726027397260274
1342,0.9777777777777777
1343,0.9863013698630136
1344,0.9683377308707124
1345,0.972318339100346
1346,0.9599109131403119
1347,0.9752066115702479
1348,0.9896103896103896
1349,1.0
1350,0.935483870967742
1351,0.9776951672862454
1352,0.9776119402985075
1353,0.9693396226415094
1354,0.9554455445544554
1355,0.9809523809523809
1356,0.9754098360655737
1357,0.993006993006993
1358,0.9705882352941176
1359,0.9731903485254692
1360,0.9578313253012049
1361,0.9504950495049505
1362,0.9882697947214076
1363,0.9818181818181818
1364,0.9672544080604534
1365,0.9697732997481109
1366,0.970954356846473
1367,0.9674267100977199
1368,0.9859649122807017
1369,0.9846547314578005
1370,0.9543269230769231
1371,0.9554140127388535
1372,0.9777777777777777
1373,0.9784615384615385
1374,0.987012987012987
1375,0.9640852974186307
1376,0.9674418604651163
1377,0.9823321554770318
1378,0.9154228855721394
1379,0.9741379310344828
1380,0.9568181818181818
1381,0.9813432835820896
1382,0.9801980198019802
1383,0.9741379310344828
1384,0.9862385321100917
1385,0.9813953488372094
1386,0.9676375404530745
1387,0.9852941176470589
1388,0.9574468085106383
1389,0.984472049689441
1390,0.9876543209876543
1391,0.9606879606879607
1392,0.9666011787819253
1393,0.9494736842105264
1394,0.9646799116997793
1395,0.9411764705882353
1396,0.9631901840490797
1397,0.94921875
1398,0.9672897196261683
1399,0.9824561403508771
1400,0.9779411764705882
1401,0.9720496894409938
1402,0.975609756097561
1403,0.9660377358490566
1404,0.9821428571428571
1405,0.9525222551928784
1406,0.9686609686609686
1407,0.990990990990991
1408,0.9832635983263598
1409,0.9618320610687023
1410,0.9808429118773946
1411,0.9612676056338029
1412,0.9548192771084337
1413,0.9671361502347418
1414,0.9798270893371758
1415,0.9703264094955489
1416,0.9411764705882353
1417,0.9641255605381166
1418,0.9834710743801653
1419,0.9963235294117647
1420,0.9782608695652174
1421,0.9771863117870723
1422,0.9690721649484536
1423,0.9298245614035088
1424,0.9703264094955489
1425,0.9795918367346939
1426,0.9864864864864865
1427,0.980836236933798
1428,0.9816700610997964
1429,0.989100817438692
1430,0.9685039370078741
1431,1.0
1432,0.976271186440678
1433,0.9696048632218845
1434,0.9661016949152542
1435,0.9816849816849816
1436,0.9697885196374623
1437,0.9558232931726908
1438,0.9873949579831933
1439,0.9688149688149688
1440,0.9853801169590644
1441,0.9606557377049181
1442,0.977961432506887
1443,0.9458483754512635
1444,0.9593810444874274
1445,0.9606299212598425
1446,0.9571428571428572
1447,0.9482758620689655
1448,0.9747474747474747
1449,0.9841269841269842
1450,0.9576470588235294
1451,0.9334975369458128
1452,0.980440097799511
1453,0.980440097799511
1454,0.9411764705882353
1455,0.9870689655172413
1456,0.983402489626556
1457,0.962962962962963
1458,0.9659863945578231
1459,0.9138240574506283
1460,0.9731800766283525
1461,0.9803921568627451
1462,0.985200845665962
1463,0.9595959595959596
1464,0.9615384615384616
1465,0.9711538461538461
1466,0.9398280802292264
1467,0.9817073170731707
1468,0.9449339207048458
1469,0.9752252252252253
1470,0.9635416666666666
1471,0.9560439560439561
1472,0.9617021276595745
1473,0.9755102040816327
1474,0.9850299401197605
1475,0.9392857142857143
1476,0.9742765273311897
1477,0.9835526315789473
1478,0.9795081967213115
1479,0.966996699669967
1480,0.9527896995708155
1481,0.947261663286004
1482,0.9915254237288136
1483,0.9558173784977909
1484,0.9592233009708738
1485,0.962962962962963
1486,0.9768339768339769
1487,0.9716981132075472
1488,0.9335548172757475
1489,0.9518072289156626
1490,0.9781659388646288
1491,0.990506329113924
1492,0.9855072463768116
1493,0.9652509652509652
1494,0.9801699716713881
1495,0.971830985915493
1496,0.9392265193370166
1497,0.9804878048780488
1498,0.9731404958677686
1499,0.9849624060150376
1500,0.9789473684210527
1501,0.9877551020408163
1502,0.9547169811320755
1503,1.0
1504,0.9656862745098039
1505,0.9755501222493888
1506,0.9607843137254902
1507,0.9546539379474941
1508,0.9591836734693877
1509,0.99079754601227
1510,0.9624413145539906
1511,0.9877300613496932
1512,0.9590643274853801
1513,0.9741100323624595
1514,0.9803921568627451
1515,0.9621212121212122
1516,0.9802371541501976
1517,0.9962546816479401
1518,0.9833333333333333
1519,0.9595141700404858
1520,0.9690402476780186
1521,0.9530516431924883
1522,0.9446064139941691
1523,0.9406392694063928
1524,0.967741935483871
1525,0.9760956175298805
1526,0.9373970345963756
1527,0.9432098765432099
1528,0.9844559585492227
1529,0.9626168224299065
1530,0.9625
1531,0.9594272076372315
1532,0.9943019943019943
1533,0.9844357976653697
1534,0.9755351681957186
1535,0.9724689165186501
1536,0.9377682403433476
1537,0.9692307692307692
1538,0.9445843828715366
1539,0.9886792452830189
1540,0.9736070381231672
1541,0.9725085910652921
1542,0.9663865546218487
1543,0.966804979253112
1544,0.98125
1545,0.964
1546,0.9681159420289855
1547,0.9603448275862069
1548,0.9664268585131894
1549,0.9476190476190476
1550,0.9610091743119266
1551,0.9851190476190477
1552,0.978494623655914
1553,0.984251968503937
1554,0.9542857142857143
1555,0.9420731707317073
1556,0.9496221662468514
1557,0.947209653092006
1558,0.9743589743589743
1559,0.9455587392550143
1560,0.9897610921501706
1561,0.9673202614379085
1562,0.9864864864864865
1563,0.977116704805492
1564,0.927360774818402
1565,0.9669669669669669
1566,0.9646017699115044
1567,0.9905660377358491
1568,0.9777777777777777
1569,0.9678362573099415
1570,0.9753521126760564
1571,0.9771573604060914
1572,0.9734848484848485
1573,0.950354609929078
1574,0.9690265486725663
1575,0.9775510204081632
1576,0.9804560260586319
1577,0.9847908745247148
1578,0.9851190476190477
1579,0.9388379204892966
1580,0.9633251833740831
1581,0.9672727272727273
1582,0.9597315436241611
1583,0.97911227154047
1584,0.9731543624161074
1585,0.9784172661870504
1586,0.9679144385026738
1587,0.9701492537313433
1588,0.9759036144578314
1589,0.9404761904761905
1590,0.993127147766323
1591,0.9923076923076923
1592,0.9773462783171522
1593,0.9369047619047619
1594,0.9488817891373802
1595,0.9669603524229075
1596,0.9433962264150944
1597,0.9691516709511568
1598,0.9642857142857143
1599,0.9769452449567724
1600,0.9865319865319865
1601,0.9649122807017544
1602,0.9576719576719577
1603,0.9723320158102767
1604,0.9765166340508806
1605,0.959830866807611
1606,0.9704797047970479
1607,0.9826989619377162
1608,0.9691780821917808
1609,0.9685039370078741
1610,0.9441340782122905
1611,0.9761273209549072
1612,0.96
1613,0.9036544850498339
1614,0.9479166666666666
1615,0.9879032258064516
1616,0.9752650176678446
1617,0.9722222222222222
1618,0.9760479041916168
1619,0.9857651245551602
1620,0.9555555555555556
1621,0.9576719576719577
1622,0.9768339768339769
1623,0.9512195121951219
1624,0.9917808219178083
1625,0.9791666666666666
1626,0.9823788546255506
1627,0.975975975975976
1628,0.9746376811594203
1629,0.951271186440678
1630,0.974910394265233
1631,0.935126582278481
1632,0.9535353535353536
1633,0.974025974025974
1634,0.9789272030651341
1635,0.9825870646766169
1636,0.9553903345724907
1637,0.989247311827957
1638,0.9508670520231214
1639,0.9855072463768116
1640,0.9688715953307393
1641,0.9781021897810219
1642,0.9760479041916168
1643,0.9597855227882037
1644,0.9663551401869159
1645,1.0
1646,0.9725400457665904
1647,0.9703196347031964
1648,0.9542857142857143
1649,0.9585635359116023
1650,0.9744525547445255
1651,0.9255663430420712
1652,0.9247524752475248
1653,0.9854545454545455
1654,0.9837837837837837
1655,0.9561643835616438
1656,0.9823788546255506
1657,0.9772727272727273
1658,0.9514285714285714
1659,0.968421052631579
1660,0.9553264604810997
1661,0.9953917050691244
1662,0.9702233250620348
1663,0.984375
1664,0.9527027027027027
1665,0.9873417721518988
1666,0.990521327014218
1667,0.939873417721519
1668,0.9619205298013245
1669,0.9538904899135446
1670,0.9620991253644315
1671,0.9809160305343512
1672,0.9675324675324676
1673,0.9529780564263323
1674,0.9715189873417721
1675,0.99
1676,0.9866220735785953
1677,0.9623115577889447
1678,0.9900662251655629
1679,0.9651416122004357
1680,0.9708333333333333
1681,0.9898734177215189
1682,0.9737903225806451
1683,0.9397163120567376
1684,0.9623655913978495
1685,0.9860335195530726
1686,0.9517045454545454
1687,0.9466666666666667
1688,0.9796610169491525
1689,0.9628378378378378
1690,0.9879518072289156
1691,0.9897959183673469
1692,0.995
1693,0.984
1694,0.9605263157894737
1695,0.9951923076923077
1696,0.9731182795698925
1697,0.9320652173913043
1698,0.9733333333333334
1699,0.9680851063829787
1700,0.9526315789473684
1701,0.9871244635193133
1702,0.9744245524296675
1703,0.9480812641083521
1704,0.9579646017699115
1705,0.9866666666666667
1706,0.9877049180327869
1707,0.9685314685314685
1708,0.9790575916230366
1709,0.968299711815562
1710,0.9375
1711,0.9781931464174455
1712,0.9821428571428571
1713,0.9774774774774775
1714,0.978
1715,0.9533333333333334
1716,0.976027397260274
1717,0.9776674937965261
1718,0.9697885196374623
1719,0.9455587392550143
1720,0.9822485207100592
1721,0.945679012345679
1722,0.9771428571428571
1723,0.9577922077922078
1724,0.9448568398727466
1725,0.978125
1726,0.9422222222222222
1727,0.9644970414201184
1728,0.9623188405797102
1729,0.9721448467966574
1730,0.9728813559322034
1731,0.9877622377622378
1732,0.9886363636363636
1733,0.9638888888888889
1734,0.976027397260274
1735,0.9689922480620154
1736,0.9538904899135446
1737,0.9709677419354839
1738,0.968595041322314
1739,0.9626865671641791
1740,0.9506849315068493
1741,0.9723320158102767
1742,0.9550102249488752
1743,0.9832935560859188
1744,0.9818731117824774
1745,0.9758713136729222
1746,0.9786476868327402
1747,0.9584717607973422
1748,0.9764309764309764
1749,0.9728915662650602
1750,0.9313725490196079
1751,0.96
1752,0.9803370786516854
1753,0.9726962457337884
1754,0.9669811320754716
1755,0.9660493827160493
1756,0.9738562091503268
1757,0.9747191011235955
1758,0.9786476868327402
1759,0.9565217391304348
1760,0.9568106312292359
1761,0.9753086419753086
1762,0.9745222929936306
1763,0.9742388758782201
1764,0.9795918367346939
1765,0.9809885931558935
1766,0.9813432835820896
1767,0.9649805447470817
1768,0.9727891156462585
1769,0.9910179640718563
1770,0.9806763285024155
1771,0.973568281938326
1772,0.9822485207100592
1773,0.9615384615384616
1774,0.9748953974895398
1775,0.954248366013072
1776,0.9811320754716981
1777,0.9739583333333334
1778,0.9779874213836478
1779,0.9791271347248577
1780,0.9782608695652174
1781,0.988
1782,0.9747292418772563
1783,0.9838709677419355
1784,0.9844559585492227
1785,0.976897689768977
1786,0.9508506616257089
1787,0.9821882951653944
1788,0.9776536312849162
1789,0.9615384615384616
1790,0.9688311688311688
1791,0.9735294117647059
1792,0.9630681818181818
1793,0.8961038961038961
1794,0.9757281553398058
1795,0.9757085020242915
1796,0.9675925925925926
1797,0.9738903394255874
1798,0.990625
1799,0.9653179190751445
1800,0.9703872437357631
1801,0.9741379310344828
1802,0.9876160990712074
1803,0.9870967741935484
1804,0.948051948051948
1805,0.9739130434782609
1806,0.9689119170984456
1807,0.975609756097561
1808,0.9707446808510638
1809,0.9896193771626297
1810,0.94
1811,0.9690721649484536
1812,0.9781021897810219
1813,0.989247311827957
1814,0.9567099567099567
1815,0.9770114942528736
1816,0.9840546697038725
1817,0.9872881355932204
1818,0.9591836734693877
1819,0.941747572815534
1820,0.9651474530831099
1821,0.9882352941176471
1822,0.9757575757575757
1823,0.9689922480620154
1824,0.9813953488372094
1825,0.9927797833935018
1826,0.9834437086092715
1827,0.9706959706959707
1828,0.946927374301676
1829,0.9795918367346939
1830,0.9578544061302682
1831,0.9667774086378738
1832,0.9873949579831933
1833,0.9207459207459208
1834,0.9538461538461538
1835,0.9477911646586346
1836,0.964
1837,0.9630872483221476
1838,0.9574829931972789
1839,0.9344827586206896
1840,0.9579439252336449
1841,0.9638888888888889
1842,0.9373368146214099
1843,0.9527186761229315
1844,0.9856115107913669
1845,0.9704918032786886
1846,0.9884726224783862
1847,0.9514824797843666
1848,0.9647058823529412
1849,0.9501385041551247
1850,0.9617834394904459
1851,0.9721362229102167
1852,0.967551622418879
1853,0.963302752293578
1854,0.9791666666666666
1855,0.975
1856,0.9681528662420382
1857,0.9739884393063584
1858,0.9508771929824561
1859,0.9554263565891473
1860,0.9861111111111112
1861,0.9228650137741047
1862,0.962962962962963
1863,0.9791666666666666
1864,0.9471264367816092
1865,0.9671232876712329
1866,0.980225988700565
1867,0.9727272727272728
1868,0.9503105590062112
1869,0.9539641943734015
1870,0.9845201238390093
1871,0.9779951100244498
1872,0.9895470383275261
1873,0.9484029484029484
1874,0.993920972644377
1875,0.9572649572649573
1876,0.9494097807757167
1877,0.9664634146341463
1878,0.9626436781609196
1879,0.9393258426966292
1880,0.9651162790697675
1881,0.9744897959183674
1882,0.9166666666666666
1883,0.9534574468085106
1884,0.937799043062201
1885,0.972972972972973
1886,0.9384615384615385
1887,0.9533468559837728
1888,0.9816849816849816
1889,0.972972972972973
1890,0.9884615384615385
1891,0.9554730983302412
1892,0.974304068522484
1893,0.9814126394052045
1894,0.9636363636363636
1895,0.9755244755244755
1896,0.9344978165938864
1897,0.9618320610687023
1898,0.972972972972973
1899,0.963254593175853
1900,0.9833333333333333
1901,0.9827586206896551
1902,0.955607476635514
1903,0.9738863287250384
1904,0.9676470588235294
1905,0.9695290858725761
1906,0.9720670391061452
1907,0.9772727272727273
1908,0.9819277108433735
1909,0.9762532981530343
1910,0.9711934156378601
1911,0.9548022598870056
1912,0.942652329749104
1913,0.9460093896713615
1914,0.9691780821917808
1915,0.9617224880382775
1916,0.973753280839895
1917,0.9349112426035503
1918,0.947103274559194
1919,0.9661016949152542
1920,0.978494623655914
1921,0.9681159420289855
1922,0.9820627802690582
1923,0.9655172413793104
1924,0.9734513274336283
1925,0.9533169533169533
1926,0.9743589743589743
1927,0.9716312056737588
1928,0.9848024316109423
1929,0.9890909090909091
1930,0.9600997506234414
1931,0.9216152019002375
1932,0.9575971731448764
1933,0.9814126394052045
1934,0.98046875
1935,0.9471264367816092
1936,0.987012987012987
1937,0.9405320813771518
1938,0.9520833333333333
1939,0.9780821917808219
1940,0.9658385093167702
1941,0.9824561403508771
1942,0.9789227166276346
1943,0.9616858237547893
1944,0.9220985691573926
1945,0.979381443298969
1946,0.9523809523809523
1947,0.9423076923076923
1948,0.9548872180451128
1949,0.9625550660792952
1950,0.9785276073619632
1951,0.9455782312925171
1952,0.9836956521739131
1953,0.9396984924623115
1954,0.9573770491803278
1955,0.9787234042553191
1956,0.9844961240310077
1957,0.9591836734693877
1958,0.9582417582417583
1959,0.9714285714285714
1960,0.9681697612732095
1961,0.9700374531835206
1962,0.9836065573770492
1963,0.9808306709265175
1964,0.9816849816849816
1965,0.9863945578231292
1966,0.9769736842105263
1967,0.9656160458452722
1968,0.9809264305177112
1969,0.9686684073107049
1970,0.9655172413793104
1971,0.9803921568627451
1972,0.9919678714859438
1973,0.9622641509433962
1974,0.9670212765957447
1975,0.9707446808510638
1976,0.9801699716713881
1977,0.9455782312925171
1978,0.9590361445783132
1979,0.9811320754716981
1980,0.9706744868035191
1981,0.9648562300319489
1982,0.9880382775119617
1983,0.9637681159420289
1984,0.9773462783171522
1985,0.9773462783171522
1986,0.975
1987,0.9764150943396226
1988,0.9795918367346939
1989,0.981549815498155
1990,0.9755434782608695
1991,0.9874476987447699
1992,0.9682539682539683
1993,0.9683544303797469
1994,0.974025974025974
1995,0.9622641509433962
1996,0.9371584699453552
1997,0.9735849056603774
1998,0.9486486486486486
1999,0.9610983981693364
2000,0.9839228295819936
2001,0.983451536643026
2002,0.9895470383275261
2003,0.9418604651162791
2004,0.9749303621169917
2005,0.9738562091503268
2006,0.9336609336609336
2007,0.9608294930875576
2008,0.9605734767025089
2009,0.9701492537313433
2010,0.9690721649484536
2011,0.9552238805970149
2012,0.9442622950819672
2013,0.9645776566757494
2014,0.977859778597786
2015,0.9432624113475178
2016,0.949874686716792
2017,0.9903225806451613
2018,0.975609756097561
2019,0.9727520435967303
2020,0.9808612440191388
2021,0.9366197183098591
2022,0.9769230769230769
2023,0.9534368070953437
2024,0.9672131147540983
2025,0.9284627092846272
2026,0.979253112033195
2027,0.9359267734553776
2028,0.9806629834254144
2029,0.9543478260869566
2030,0.9729206963249516
2031,0.9581005586592178
2032,0.9712389380530974
2033,0.9758713136729222
2034,0.9375
2035,0.9572815533980582
2036,0.9888220120378332
2037,0.9906542056074766
2038,0.99
2039,0.9793510324483776
2040,0.9741176470588235
2041,0.9744525547445255
2042,0.9329758713136729
2043,0.9669421487603306
2044,0.9517241379310345
2045,0.9470899470899471
2046,0.9596412556053812
2047,0.9532967032967032
2048,0.9628712871287128
2049,0.9411764705882353
2050,0.9828767123287672
2051,0.9830508474576272
2052,0.9797297297297297
2053,0.9424460431654677
2054,0.9855595667870036
2055,0.9836065573770492
2056,0.9587852494577006
2057,0.9557344064386318
2058,0.9810874704491725
2059,0.9306122448979592
2060,0.9560439560439561
2061,0.9895470383275261
2062,0.9863013698630136
2063,0.9631728045325779
2064,0.964221824686941
2065,0.973170731707317
2066,0.9746376811594203
2067,0.9792207792207792
2068,0.989769820971867
2069,0.9717514124293786
2070,0.9893992932862191
2071,0.9855595667870036
2072,0.9754385964912281
2073,0.9800498753117207
2074,0.9872340425531915
2075,0.9864864864864865
2076,0.9517241379310345
2077,0.9836601307189542
2078,0.9650655021834061
2079,0.971830985915493
2080,0.9835526315789473
2081,0.9562841530054644
2082,0.9842767295597484
2083,0.9803921568627451
2084,0.9329388560157791
2085,0.9755351681957186
2086,0.9746835443037974
2087,0.9913793103448276
2088,0.9721518987341772
2089,0.9927272727272727
2090,0.9659863945578231
2091,0.9922480620155039
2092,0.9603658536585366
2093,0.9887218045112782
2094,0.9691358024691358
2095,0.9852941176470589
2096,0.970873786407767
2097,0.9773371104815864
2098,0.9427609427609428
2099,0.9734748010610079
2100,0.9548254620123203
2101,0.972972972972973
2102,0.9685230024213075
2103,0.9634146341463414
2104,0.978021978021978
2105,0.9621451104100947
2106,0.9905956112852664
2107,0.9237472766884531
2108,0.9612590799031477
2109,0.9343065693430657
2110,0.9725490196078431
2111,0.8973799126637555
2112,0.9598214285714286
2113,0.9691011235955056
2114,0.9545454545454546
2115,0.9771241830065359
2116,0.9573934837092732
2117,0.9710743801652892
2118,0.9762845849802372
2119,0.9840255591054313
2120,0.9427860696517413
2121,0.9526462395543176
2122,0.9716981132075472
2123,0.9877551020408163
2124,0.9868421052631579
2125,0.9692307692307692
2126,0.9572953736654805
2127,0.9744318181818182
2128,0.9646017699115044
2129,0.9820359281437125
2130,0.9579579579579579
2131,0.9607843137254902
2132,0.9628571428571429
2133,0.9742489270386266
2134,0.972809667673716
2135,0.9672544080604534
2136,0.9777777777777777
2137,0.9777227722772277
2138,0.9624060150375939
2139,0.9819587628865979
2140,0.9438502673796791
2141,0.9570200573065902
2142,0.99
2143,0.9747899159663865
2144,0.9793577981651376
2145,0.9714285714285714
2146,0.9681274900398407
2147,0.9642857142857143
2148,0.9797687861271677
2149,0.9700598802395209
2150,0.9747899159663865
2151,0.9768339768339769
2152,0.9591836734693877
2153,0.9609375
2154,0.9777777777777777
2155,0.9655172413793104
2156,0.9731182795698925
2157,0.9652605459057072
2158,0.9728997289972899
2159,0.9727626459143969
2160,0.9757785467128027
2161,0.9649122807017544
2162,0.9780564263322884
2163,0.9761904761904762
2164,0.979381443298969
2165,0.9685534591194969
2166,0.95822454308094
2167,0.9479166666666666
2168,0.957983193277311
2169,0.9564102564102565
2170,0.9680232558139534
2171,0.9710144927536232
2172,0.9388297872340425
2173,0.9786585365853658
2174,0.973384030418251
2175,0.9741379310344828
2176,0.967741935483871
2177,0.9371980676328502
2178,0.9823321554770318
2179,0.9507186858316222
2180,0.9682203389830508
2181,0.9817518248175182
2182,0.9553072625698324
2183,0.9714285714285714
2184,0.9862258953168044
2185,0.9637883008356546
2186,0.975975975975976
2187,0.9646017699115044
2188,0.967032967032967
2189,0.9748201438848921
2190,0.9858490566037735
2191,0.9441489361702128
2192,0.9779643231899265
2193,0.9602888086642599
2194,0.9671052631578947
2195,0.9719827586206896
2196,0.9540636042402827
2197,0.9510204081632653
2198,0.9707446808510638
2199,0.9832214765100671
2200,0.9743589743589743
2201,0.9571428571428572
2202,0.9806949806949807
2203,0.9645390070921985
2204,0.9539473684210527
2205,0.9512195121951219
2206,0.946983546617916
2207,0.9780487804878049
2208,0.9710526315789474
2209,0.9734513274336283
2210,0.9758713136729222
2211,0.9675925925925926
2212,0.9706601466992665
2213,0.9460043196544277
2214,0.9771241830065359
2215,0.9702970297029703
2216,0.977859778597786
2217,0.9817232375979112
2218,0.9783393501805054
2219,0.9786096256684492
2220,0.9491525423728814
2221,0.9694189602446484
2222,0.9748743718592965
2223,0.9692307692307692
2224,0.9824561403508771
2225,0.9505409582689336
2226,0.9621848739495799
2227,0.9694323144104804
2228,0.9478527607361963
2229,0.926829268292683
2230,0.921875
2231,0.9619883040935673
2232,0.9742489270386266
2233,0.9758308157099698
2234,0.9800884955752213
2235,0.9581993569131833
2236,0.9951456310679612
2237,0.9694915254237289
2238,0.9683098591549296
2239,0.9775561097256857
2240,0.9571734475374732
2241,0.9883040935672515
2242,0.9352678571428571
2243,0.9705882352941176
2244,0.9739884393063584
2245,0.9788519637462235
2246,0.9875518672199171
2247,0.9809160305343512
2248,0.9732620320855615
2249,0.9801136363636364
2250,0.9426229508196722
2251,0.9664
2252,0.9618138424821002
2253,0.9630606860158312
2254,0.984251968503937
2255,0.9754098360655737
2256,0.967741935483871
2257,0.9816326530612245
2258,0.9665071770334929
2259,0.9606481481481481
2260,0.9834710743801653
2261,0.9814126394052045
2262,0.920704845814978
2263,0.9699248120300752
2264,0.967032967032967
2265,0.9668674698795181
2266,0.9882352941176471
2267,0.955
2268,0.9653379549393414
2269,0.9786223277909739
2270,0.9510703363914373
2271,0.9853300733496333
2272,0.9770114942528736
2273,0.9586330935251799
2274,0.9605734767025089
2275,0.9526462395543176
2276,0.9540816326530612
2277,0.9859550561797753
2278,0.994475138121547
2279,0.9346938775510204
2280,0.9801324503311258
2281,0.9816272965879265
2282,0.9241573033707865
2283,0.9766536964980544
2284,0.4794520547945206
2285,0.9703264094955489
2286,0.9630225080385852
2287,0.9889705882352942
2288,0.983957219251337
2289,0.9838709677419355
2290,0.9805555555555555
2291,0.9453376205787781
2292,0.9606481481481481
2293,0.9788732394366197
2294,0.9940828402366864
2295,0.9558011049723757
2296,0.9603960396039604
2297,0.9683908045977011
2298,0.9734513274336283
2299,0.953125
2300,0.9803370786516854
2301,0.9640287769784173
2302,0.967741935483871
2303,0.9673366834170855
2304,0.9626623376623377
2305,0.9805825242718447
2306,0.9750692520775623
2307,0.9896907216494846
2308,0.9384359400998337
2309,0.9804878048780488
2310,0.9838056680161943
2311,0.9864864864864865
2312,0.9751243781094527
2313,0.928395061728395
2314,0.9680608365019011
2315,0.940251572327044
2316,0.9650145772594753
2317,0.9603729603729604
2318,0.9763948497854077
2319,0.972972972972973
2320,0.9471766848816029
2321,0.9818181818181818
2322,0.9688715953307393
2323,0.9844290657439446
2324,0.9488817891373802
2325,0.9369527145359019
2326,0.976271186440678
2327,0.9752650176678446
2328,0.9906976744186047
2329,0.9718574108818011
2330,0.9553072625698324
2331,0.9359223300970874
2332,0.9747191011235955
2333,0.9660493827160493
2334,0.9538461538461538
2335,0.9760765550239234
2336,0.9774436090225564
2337,0.9809885931558935
2338,0.9803149606299213
2339,0.9757785467128027
2340,0.9737704918032787
2341,0.9675174013921114
2342,0.9618717504332756
2343,0.9473684210526316
2344,0.9779179810725552
2345,0.9766666666666667
2346,0.9598540145985401
2347,0.9755011135857461
2348,0.9342465753424658
2349,0.9633333333333334
2350,0.9723320158102767
2351,0.9391891891891891
2352,0.9733924611973392
2353,0.9617834394904459
2354,0.9803921568627451
2355,0.9565217391304348
2356,0.9655172413793104
2357,0.9638989169675091
2358,0.9929824561403509
2359,0.9745762711864406
2360,0.9814241486068112
2361,0.9762611275964391
2362,0.9710982658959537
2363,0.9773462783171522
2364,0.9536679536679536
2365,0.9676113360323887
2366,0.9688888888888889
2367,0.9217221135029354
2368,0.9477434679334917
2369,0.9670050761421319
2370,0.9472049689440993
2371,0.9473684210526316
2372,0.9509803921568627
2373,0.9616724738675958
2374,0.9628482972136223
2375,0.9719626168224299
2376,0.9517045454545454
2377,0.9526813880126183
2378,0.9770642201834863
2379,0.9766536964980544
2380,0.9607142857142857
2381,0.9588688946015425
2382,0.962059620596206
2383,0.9545454545454546
2384,0.9692307692307692
2385,0.9753424657534246
2386,0.9872611464968153
2387,0.9898305084745763
2388,0.9918367346938776
2389,0.9595959595959596
2390,0.974169741697417
2391,0.9459459459459459
2392,0.9772727272727273
2393,0.9706601466992665
2394,0.9679715302491103
2395,0.9540229885057472
2396,0.9840637450199203
2397,0.9731903485254692
2398,0.9642857142857143
2399,0.9676113360323887
2400,0.980327868852459
2401,0.9853801169590644
2402,0.9855072463768116
2403,0.9580645161290322
2404,0.97165991902834
2405,0.9925093632958801
2406,0.9930555555555556
2407,0.9703703703703703
2408,0.9789156626506024
2409,0.9828178694158075
2410,0.8922558922558923
2411,0.9307958477508651
2412,0.9663299663299664
2413,0.9757575757575757
2414,0.9616368286445013
2415,0.9705882352941176
2416,0.9790794979079498
2417,0.9455645161290323
2418,0.9771241830065359
2419,0.9787234042553191
2420,0.9693251533742331
2421,0.967654986522911
2422,0.9896551724137931
2423,0.9674556213017751
2424,0.9428172942817294
2425,0.982051282051282
2426,0.985239852398524
2427,0.9754098360655737
2428,0.964824120603015
2429,0.968
2430,0.9782608695652174
2431,0.991304347826087
2432,0.9625
2433,0.9664804469273743
2434,0.9512195121951219
2435,0.977924944812362
2436,0.984375
2437,0.9781659388646288
2438,0.9628180039138943
2439,0.962962962962963
2440,0.9792387543252595
2441,0.963302752293578
2442,0.9435483870967742
2443,0.9719387755102041
2444,0.9676375404530745
2445,0.9782082324455206
2446,0.9714912280701754
2447,0.9730538922155688
2448,0.9660633484162896
2449,0.954248366013072
2450,0.9504504504504504
2451,0.9854651162790697
2452,0.9704641350210971
2453,0.939297124600639
2454,0.972972972972973
2455,0.9661016949152542
2456,0.9776119402985075
2457,0.9681697612732095
2458,0.9592274678111588
2459,0.9775784753363229
2460,0.9702380952380952
2461,0.963531669865643
2462,0.9870550161812298
2463,0.9834983498349835
2464,0.9713114754098361
2465,0.9566929133858267
2466,0.9471649484536082
2467,0.9681274900398407
2468,0.962962962962963
2469,0.9627118644067797
2470,0.9704918032786886
2471,0.9852216748768473
2472,0.9863945578231292
2473,0.946987951807229
2474,0.9777777777777777
2475,0.9538461538461538
2476,0.9655172413793104
2477,0.9818181818181818
2478,0.9446064139941691
2479,0.9781021897810219
2480,0.9587020648967551
2481,0.971830985915493
2482,0.9743589743589743
2483,0.989100817438692
2484,0.9818181818181818
2485,0.9339080459770115
2486,0.9764150943396226
2487,0.9451612903225807
2488,0.9129251700680272
2489,0.9895470383275261
2490,0.9759036144578314
2491,0.956221198156682
2492,0.9494949494949495
2493,0.951310861423221
2494,0.967741935483871
2495,0.9833333333333333
2496,0.9349240780911063
2497,0.9401869158878504
2498,0.9682539682539683
2499,0.9885714285714285
2500,0.9710610932475884
2501,0.9748427672955975
2502,0.9714285714285714
2503,0.9630541871921182
2504,0.9808612440191388
2505,0.9546099290780142
2506,0.9786780383795309
2507,0.9764705882352941
2508,0.9619047619047619
2509,0.9652173913043478
2510,0.9725274725274725
2511,0.9641943734015346
2512,0.9816849816849816
2513,0.9739776951672863
2514,0.9589905362776026
2515,0.9852941176470589
2516,0.9679715302491103
2517,0.9696969696969697
2518,0.9620253164556962
2519,0.9621749408983451
2520,0.9565217391304348
2521,0.9658536585365853
2522,0.9701986754966887
2523,0.9672619047619048
2524,0.9614643545279383
2525,0.9619686800894854
2526,0.9883527454242929
2527,0.9832869080779945
2528,0.9725557461406518
2529,0.9852507374631269
2530,0.9670658682634731
2531,0.9871794871794872
2532,0.9648798521256932
2533,0.9445438282647585
2534,0.9708029197080292
2535,0.9805013927576601
2536,0.9671232876712329
2537,0.9772727272727273
2538,0.9829867674858223
2539,0.9760479041916168
2540,0.9745222929936306
2541,0.9765395894428153
2542,0.9581151832460733
2543,0.9740566037735849
2544,0.9649890590809628
2545,0.9701897018970189
2546,0.9269406392694064
2547,0.9498327759197325
2548,0.9868852459016394
2549,0.9704918032786886
2550,0.978813559322034
2551,0.9878787878787879
2552,0.9406392694063928
2553,0.9535864978902954
2554,0.9621052631578947
2555,0.9842271293375394
2556,0.9692307692307692
2557,0.9883268482490273
2558,0.9758308157099698
2559,0.9414348462664714
2560,0.9683377308707124
2561,0.9881422924901185
2562,0.967654986522911
2563,0.9948717948717949
2564,0.9796747967479675
2565,0.9789029535864979
2566,0.9726651480637813
2567,0.9763513513513513
2568,0.9713467048710601
2569,0.939209726443769
2570,0.9730250481695568
2571,0.9652173913043478
2572,0.9741784037558685
2573,0.9619047619047619
2574,0.9791666666666666
2575,0.9699570815450643
2576,0.9587301587301588
2577,0.9352941176470588
2578,0.9813519813519813
2579,0.9886363636363636
2580,0.977491961414791
2581,0.971671388101983
2582,0.976401179941003
2583,0.9710843373493976
2584,0.9789156626506024
2585,0.9762611275964391
2586,0.962059620596206
2587,0.9777777777777777
2588,0.9764150943396226
2589,0.949438202247191
2590,0.9733727810650887
2591,0.982078853046595
2592,0.9719387755102041
2593,0.974169741697417
2594,0.973170731707317
2595,0.9803149606299213
2596,0.9753521126760564
2597,0.9764705882352941
2598,0.9794238683127572
2599,0.9816272965879265
2600,0.9595141700404858
2601,0.973421926910299
2602,0.978021978021978
2603,0.9493392070484582
2604,0.9487750556792873
2605,0.9699248120300752
2606,0.9811320754716981
2607,0.9506172839506173
2608,0.969187675070028
2609,0.96309963099631
2610,0.9858823529411764
2611,0.9627659574468085
2612,0.9541446208112875
2613,0.9803921568627451
2614,0.9789915966386554
2615,0.9820359281437125
2616,0.9722222222222222
2617,0.9686520376175549
2618,0.9746835443037974
2619,0.9807692307692307
2620,0.9752808988764045
2621,0.9719387755102041
2622,0.9819494584837545
2623,0.9900744416873449
2624,0.9921875
2625,0.9760191846522782
2626,0.96415770609319
2627,0.9679012345679012
2628,0.9808306709265175
2629,0.9743589743589743
2630,0.9740932642487047
2631,0.9671232876712329
2632,0.9667359667359667
2633,0.9781818181818182
2634,0.9763779527559056
2635,0.978021978021978
2636,0.93812375249501
2637,0.9796437659033079
2638,0.9395248380129589
2639,0.9897172236503856
2640,0.9959016393442623
2641,0.9789029535864979
2642,0.9769230769230769
2643,0.9640522875816994
2644,0.9717741935483871
2645,0.9594882729211087
2646,0.9857142857142858
2647,0.9604651162790697
2648,0.9770114942528736
2649,0.9828178694158075
2650,0.9619047619047619
2651,0.9568733153638814
2652,0.9775
2653,0.9772727272727273
2654,0.9851190476190477
2655,0.9909502262443439
2656,0.9342403628117913
2657,0.9655172413793104
2658,0.9816849816849816
2659,0.9745762711864406
2660,0.9664948453608248
2661,0.9774647887323944
2662,0.9921259842519685
2663,0.9780821917808219
2664,0.9685534591194969
2665,0.9746835443037974
2666,0.9830508474576272
2667,0.9684418145956607
2668,0.9647577092511013
2669,0.9624664879356568
2670,0.9166666666666666
2671,0.9775280898876404
2672,0.9706959706959707
2673,0.9470338983050848
2674,0.965625
2675,0.9830508474576272
2676,0.9703703703703703
2677,0.9681528662420382
2678,0.9158878504672897
2679,0.9674556213017751
2680,0.9464285714285714
2681,0.9698275862068966
2682,0.9663865546218487
2683,0.9759358288770054
2684,0.9389067524115755
2685,0.9670103092783505
2686,0.9770491803278688
2687,0.9690721649484536
2688,0.9694189602446484
2689,0.9805825242718447
2690,0.9633802816901409
2691,0.9583333333333334
2692,0.9852941176470589
2693,0.9472573839662447
2694,0.9774193548387097
2695,0.9465116279069767
2696,0.9876847290640394
2697,1.0
2698,0.9047619047619048
2699,0.9930555555555556
2700,0.9649122807017544
2701,0.9425531914893617
2702,0.9433497536945813
2703,0.9583333333333334
2704,0.9713541666666666
2705,0.9943820224719101
2706,0.9623824451410659
2707,0.9777227722772277
2708,0.9619289340101522
2709,0.9674185463659148
2710,0.9540229885057472
2711,0.9718875502008032
2712,0.9284578696343402
2713,0.9541547277936963
2714,0.9653846153846154
2715,0.9836448598130841
2716,0.9851632047477745
2717,0.9756637168141593
2718,0.9678068410462777
2719,0.990521327014218
2720,0.981651376146789
2721,0.9809523809523809
2722,0.9835526315789473
2723,0.9690721649484536
2724,1.0
2725,0.9761904761904762
2726,0.9774011299435028
2727,0.9702702702702702
2728,0.9631449631449631
2729,0.9355828220858896
2730,0.9473684210526316
2731,0.916267942583732
2732,0.9722222222222222
2733,0.9802197802197802
2734,0.9766536964980544
2735,0.9903225806451613
2736,0.9458333333333333
2737,0.9796954314720813
2738,0.9583333333333334
2739,0.9441964285714286
2740,0.9569672131147541
2741,0.9959514170040485
2742,0.9584775086505191
2743,0.9585062240663901
2744,0.9662447257383966
2745,0.9838709677419355
2746,0.9660056657223796
2747,0.9652173913043478
2748,0.9786666666666667
2749,0.9896551724137931
2750,0.9672131147540983
2751,0.9565217391304348
2752,0.9691629955947136
2753,0.9913419913419913
2754,0.9829059829059829
2755,0.9923076923076923
2756,0.9847328244274809
2757,0.9577836411609498
2758,0.9545454545454546
2759,0.9814126394052045
2760,0.9654377880184332
2761,0.9879518072289156
2762,0.9924528301886792
2763,0.9649122807017544
2764,0.9722222222222222
2765,0.9269102990033222
2766,0.9825783972125436
2767,0.9725
2768,0.9518072289156626
2769,0.9748603351955307
2770,0.9685863874345549
2771,0.9752650176678446
2772,0.9644970414201184
2773,0.9580209895052474
2774,0.9438202247191011
2775,0.9668508287292817
2776,0.9708029197080292
2777,0.9589041095890412
2778,0.9818181818181818
2779,0.9613095238095238
2780,0.9769736842105263
2781,0.9887640449438202
2782,0.9870550161812298
2783,0.95
2784,1.0
2785,0.9915611814345991
2786,0.9214659685863874
2787,0.9726027397260274
2788,0.9662921348314607
2789,0.9557344064386318
2790,0.9764397905759162
2791,0.9665071770334929
2792,0.9829931972789115
2793,0.9733727810650887
2794,0.9645669291338582
2795,0.9770992366412213
2796,0.9758713136729222
2797,0.9801324503311258
2798,0.9342465753424658
2799,0.9768211920529801
2800,0.9694915254237289
2801,0.9840764331210191
2802,0.9869791666666666
2803,0.9415584415584416
2804,0.9516129032258065
2805,0.9813084112149533
2806,0.9580152671755725
2807,0.979381443298969
2808,0.9801762114537445
2809,0.9715762273901809
2810,0.9835616438356164
2811,0.9717223650385605
2812,0.9806451612903225
2813,0.9674502712477396
2814,0.9663865546218487
2815,0.9847094801223242
2816,0.9686520376175549
2817,0.9646464646464646
2818,0.9785276073619632
2819,0.9825581395348837
2820,0.9645569620253165
2821,0.97953216374269
2822,0.9685393258426966
2823,0.9578754578754579
2824,0.984
2825,0.9263565891472868
2826,0.9361702127659575
2827,0.9695817490494296
2828,0.98046875
2829,0.9575
2830,0.9807692307692307
2831,0.9958333333333333
2832,0.9888059701492538
2833,0.9396751740139211
2834,0.9770642201834863
2835,0.9708029197080292
2836,0.9875
2837,0.9872204472843451
2838,0.9755102040816327
2839,0.9372549019607843
2840,0.9607142857142857
2841,0.9315068493150684
2842,0.9787878787878788
2843,0.9594202898550724
2844,0.9789029535864979
2845,0.9421052631578948
2846,0.9871244635193133
2847,0.9773584905660377
2848,0.9632183908045977
2849,0.9707602339181287
2850,0.9903225806451613
2851,0.9770867430441899
2852,0.9697624190064795
2853,0.9593345656192237
2854,0.9689265536723164
2855,0.985
2856,0.9869706840390879
2857,0.968609865470852
2858,0.953125
2859,0.9711286089238845
2860,0.974025974025974
2861,0.9770992366412213
2862,0.9607843137254902
2863,0.9686411149825784
2864,0.9325842696629214
2865,0.9657387580299786
2866,0.9532520325203252
2867,0.9727272727272728
2868,0.967479674796748
2869,0.953405017921147
2870,0.9696048632218845
2871,0.9485530546623794
2872,0.9548022598870056
2873,0.9728601252609603
2874,0.980349344978166
2875,0.9430284857571214
2876,0.970873786407767
2877,0.9844961240310077
2878,0.9893333333333333
2879,0.9739130434782609
2880,0.985663082437276
2881,0.9935275080906149
2882,0.9791666666666666
2883,0.960431654676259
2884,0.9413612565445026
2885,0.9734848484848485
2886,0.9761194029850746
2887,0.9931192660550459
2888,0.9178082191780822
2889,0.9489795918367347
2890,0.9230769230769231
2891,0.9776357827476039
2892,0.9575371549893843
2893,0.98125
2894,0.9378698224852071
2895,0.9894736842105263
2896,0.9658703071672355
2897,0.9619771863117871
2898,0.9590163934426229
2899,0.9821428571428571
2900,0.9759036144578314
2901,0.9806094182825484
2902,0.9592391304347826
2903,0.9693877551020408
2904,0.9746835443037974
2905,0.976271186440678
2906,0.9703264094955489
2907,0.9598393574297188
2908,0.9868131868131869
2909,1.0
2910,0.9843478260869565
2911,0.961352657004831
2912,0.9546742209631728
2913,0.9439252336448598
2914,0.9770773638968482
2915,0.9897610921501706
2916,0.9803921568627451
2917,0.9694323144104804
2918,0.9626556016597511
2919,0.970873786407767
2920,0.9813664596273292
2921,0.9820359281437125
2922,0.9684466019417476
2923,0.9693593314763231
2924,0.9637462235649547
2925,0.987603305785124
2926,0.9737704918032787
2927,0.9708029197080292
2928,0.9736842105263158
2929,0.9859154929577465
2930,0.9770642201834863
2931,0.9619771863117871
2932,0.9773755656108597
2933,0.9415322580645161
2934,0.9609483960948396
2935,0.9584664536741214
2936,0.9537366548042705
2937,0.9598997493734336
2938,0.9918032786885246
2939,0.962962962962963
2940,0.9588014981273408
2941,0.9459459459459459
2942,0.9652996845425867
2943,0.9748427672955975
2944,0.9724409448818898
2945,0.9824561403508771
2946,0.9368686868686869
2947,0.9692671394799054
2948,0.9567430025445293
2949,0.9798994974874372
2950,0.9695817490494296
2951,0.9624060150375939
2952,0.9650793650793651
2953,0.995
2954,0.9753846153846154
2955,0.9537037037037037
2956,0.9770642201834863
2957,0.9265091863517061
2958,0.9523809523809523
2959,0.9714285714285714
2960,0.9750566893424036
2961,0.9683377308707124
2962,0.9508196721311475
2963,0.9721518987341772
2964,0.9806629834254144
2965,0.9827586206896551
2966,0.9696132596685083
2967,0.954183266932271
2968,0.9850187265917603
2969,0.9664429530201343
2970,0.9758064516129032
2971,1.0
2972,0.9646464646464646
2973,0.9916317991631799
2974,0.9548192771084337
2975,0.9646017699115044
2976,0.9839228295819936
2977,0.967948717948718
2978,0.9704797047970479
2979,0.9580645161290322
2980,0.968421052631579
2981,0.9726775956284153
2982,0.9237057220708447
2983,0.9770491803278688
2984,0.9693877551020408
2985,0.9890710382513661
2986,0.9769736842105263
2987,0.9765258215962441
2988,0.9520958083832335
2989,0.9754098360655737
2990,0.9320652173913043
2991,0.9185770750988143
2992,0.9718670076726342
2993,0.9738562091503268
2994,0.9537444933920705
2995,0.9739130434782609
2996,0.9741379310344828
2997,0.9913793103448276
2998,0.9608763693270735
2999,0.978125
3000,0.9403508771929825
3001,0.9816176470588235
3002,0.9718614718614719
3003,0.9775784753363229
3004,0.9919028340080972
3005,0.9831460674157303
3006,0.9885321100917431
3007,0.9534883720930233
3008,0.9858490566037735
3009,0.9563106796116505
3010,0.972027972027972
3011,0.9285714285714286
3012,0.9794871794871794
3013,0.8516949152542372
3014,0.9578454332552693
3015,0.979002624671916
3016,0.9922178988326849
3017,0.9796610169491525
3018,0.9754098360655737
3019,0.9832402234636871
3020,0.9696048632218845
3021,0.9704918032786886
3022,0.9826086956521739
3023,0.9138755980861244
3024,0.9630484988452656
3025,0.9551122194513716
3026,0.950561797752809
3027,0.9808306709265175
3028,0.9581881533101045
3029,0.9736842105263158
3030,0.9761467889908257
3031,0.9569377990430622
3032,0.9591346153846154
3033,0.9923664122137404
3034,0.9742647058823529
3035,0.9744408945686901
3036,0.9732360097323601
3037,0.9765625
3038,0.9618055555555556
3039,0.9753363228699552
3040,0.9797979797979798
3041,0.9631449631449631
3042,0.9859649122807017
3043,0.9818181818181818
3044,0.9614035087719298
3045,0.9740566037735849
3046,0.9431438127090301
3047,0.9324324324324325
3048,0.9709090909090909
3049,0.968944099378882
3050,0.9583333333333334
3051,0.982078853046595
3052,0.9753914988814317
3053,0.9699453551912568
3054,0.9836601307189542
3055,0.9626556016597511
3056,0.8984771573604061
3057,0.975
3058,0.9926108374384236
3059,0.9808612440191388
3060,0.9697885196374623
3061,0.9725609756097561
3062,0.9916666666666667
3063,0.967948717948718
3064,0.9328859060402684
3065,0.954468802698145
3066,0.978494623655914
3067,0.9704641350210971
3068,0.9706744868035191
3069,0.9885386819484241
3070,0.9658703071672355
3071,0.9776536312849162
3072,0.9828326180257511
3073,0.9814814814814815
3074,0.9662288930581614
3075,0.9488817891373802
3076,0.9735294117647059
3077,0.9845201238390093
3078,0.956386292834891
3079,0.9646017699115044
3080,0.967984934086629
3081,0.9857142857142858
3082,0.9737470167064439
3083,0.9799196787148594
3084,0.9562982005141388
3085,0.945031712473573
3086,0.9814814814814815
3087,0.980440097799511
3088,0.9494949494949495
3089,0.9660194174757282
3090,0.9766899766899767
3091,0.9768518518518519
3092,0.9717868338557993
3093,0.9869565217391304
3094,0.9722222222222222
3095,0.9344827586206896
3096,0.9751381215469613
3097,0.9942857142857143
3098,0.9811320754716981
3099,0.9719298245614035
3100,0.9569672131147541
3101,0.967741935483871
3102,0.9690140845070423
3103,0.9502664298401421
3104,0.964200477326969
3105,0.9694444444444444
3106,0.9843342036553525
3107,0.9781659388646288
3108,0.9596412556053812
3109,0.9905123339658444
3110,0.965625
3111,0.9690721649484536
3112,0.9676616915422885
3113,0.9806949806949807
3114,0.9594594594594594
3115,0.9601449275362319
3116,0.9574468085106383
3117,0.9781553398058253
3118,0.9340909090909091
3119,0.9685534591194969
3120,0.9534653465346534
3121,0.9428571428571428
3122,0.9836734693877551
3123,0.9736842105263158
3124,0.97953216374269
3125,0.9679012345679012
3126,0.9609375
3127,0.9816849816849816
3128,0.9852216748768473
3129,0.9640718562874252
3130,0.9736842105263158
3131,0.9333333333333333
3132,0.9649532710280374
3133,0.9787234042553191
3134,0.9775
3135,0.9839357429718876
3136,0.9604743083003953
3137,0.9615384615384616
3138,0.954954954954955
3139,0.9882697947214076
3140,0.9710144927536232
3141,0.9801488833746899
3142,0.9352331606217616
3143,0.9859154929577465
3144,0.9713541666666666
3145,0.9881305637982196
3146,0.9870967741935484
3147,0.9732142857142857
3148,0.9733333333333334
3149,0.9424657534246575
3150,0.9761273209549072
3151,0.9714285714285714
3152,0.9566473988439307
3153,0.9601328903654485
3154,0.9862385321100917
3155,0.9746835443037974
3156,0.949468085106383
3157,0.9539748953974896
3158,0.9788519637462235
3159,0.9379157427937915
3160,0.9455337690631809
3161,0.9466666666666667
3162,0.9728813559322034
3163,0.959915611814346
3164,0.9746543778801844
3165,0.9809523809523809
3166,0.9655172413793104
3167,0.963302752293578
3168,0.9750692520775623
3169,0.9804878048780488
3170,0.9807692307692307
3171,0.9707317073170731
3172,0.9379310344827586
3173,0.9750692520775623
3174,0.9845360824742269
3175,0.9726027397260274
3176,0.9393939393939394
3177,0.9845559845559846
3178,0.9247572815533981
3179,0.971671388101983
3180,1.0
3181,0.974169741697417
3182,0.98125
3183,0.9573033707865168
3184,0.9842767295597484
3185,0.9852579852579852
3186,0.9710144927536232
3187,0.9781021897810219
3188,0.983739837398374
3189,0.9721362229102167
3190,0.9190031152647975
3191,0.9919028340080972
3192,0.9636363636363636
3193,0.9554973821989529
3194,0.9575163398692811
3195,0.9523809523809523
3196,0.9673590504451038
3197,0.9772079772079773
3198,0.9828431372549019
3199,0.9671532846715328
3200,0.9866920152091255
3201,0.9647577092511013
3202,0.9763779527559056
3203,0.9767441860465116
3204,0.9763779527559056
3205,0.9563218390804598
3206,0.956989247311828
3207,0.959409594095941
3208,0.9774436090225564
3209,0.9738805970149254
3210,0.9770491803278688
3211,0.9641791044776119
3212,0.9708029197080292
3213,0.9665071770334929
3214,0.9697674418604652
3215,0.9581993569131833
3216,0.9586466165413534
3217,0.9766355140186916
3218,0.9621621621621621
3219,0.9691011235955056
3220,0.981651376146789
3221,0.975609756097561
3222,0.9816933638443935
3223,0.972809667673716
3224,0.9774436090225564
3225,0.9766355140186916
3226,0.9831460674157303
3227,0.9600862998921251
3228,0.978494623655914
3229,0.9551886792452831
3230,0.972972972972973
3231,0.975177304964539
3232,0.9635761589403974
3233,0.9763779527559056
3234,0.9838709677419355
3235,0.9292196007259528
3236,0.9774011299435028
3237,0.9711815561959655
3238,0.9965034965034965
3239,0.9206611570247933
3240,0.9822222222222222
3241,0.9762611275964391
3242,0.9375
3243,0.9517045454545454
3244,0.9682539682539683
3245,0.9741379310344828
3246,0.9853479853479854
3247,0.95625
3248,0.9513274336283186
3249,0.9502262443438914
3250,0.9903381642512077
3251,0.9794344473007712
3252,0.9870466321243523
3253,0.9832214765100671
3254,0.972809667673716
3255,0.9752321981424149
3256,0.9782016348773842
3257,0.9750692520775623
3258,0.9652605459057072
3259,0.9803921568627451
3260,0.9259259259259259
3261,0.9766536964980544
3262,0.9710144927536232
3263,0.9829931972789115
3264,0.9558823529411765
3265,0.9901477832512315
3266,0.9644012944983819
3267,0.9668141592920354
3268,0.9831223628691983
3269,0.9623188405797102
3270,0.9584775086505191
3271,0.9755351681957186
3272,0.9773462783171522
3273,0.975975975975976
3274,0.9622093023255814
3275,0.9762532981530343
3276,0.972972972972973
3277,0.9575070821529745
3278,0.9753086419753086
3279,0.9875
3280,0.9644444444444444
3281,0.9281045751633987
3282,0.9713114754098361
3283,0.9693877551020408
3284,0.946843853820598
3285,0.9569377990430622
3286,0.9833887043189369
3287,0.9769585253456221
3288,0.9738562091503268
3289,0.9393939393939394
3290,0.9775280898876404
3291,0.9708333333333333
3292,0.9540636042402827
3293,0.9927536231884058
3294,0.9583333333333334
3295,0.9807073954983923
3296,0.9774590163934426
3297,0.8862433862433863
3298,0.9643765903307888
3299,0.9760765550239234
3300,0.9702602230483272
3301,0.9573033707865168
3302,0.9592760180995475
3303,0.9891067538126361
3304,0.9897435897435898
3305,0.9856115107913669
3306,0.9623655913978495
3307,0.9624277456647399
3308,0.9797979797979798
3309,0.9077380952380952
3310,0.9718045112781954
3311,0.9610655737704918
3312,0.978125
3313,0.965183752417795
3314,0.926829268292683
3315,0.9620853080568721
3316,0.9716981132075472
3317,0.9884726224783862
3318,0.996742671009772
3319,0.9872881355932204
3320,0.9579288025889967
3321,0.9537275064267352
3322,0.9788235294117648
3323,0.9814814814814815
3324,0.9405940594059405
3325,0.9320594479830149
3326,0.9833333333333333
3327,0.9311224489795918
3328,0.9639423076923077
3329,0.9541484716157205
3330,0.9707602339181287
3331,0.9882352941176471
3332,0.9755102040816327
3333,0.9636963696369637
3334,0.985
3335,0.9783950617283951
3336,0.9674556213017751
3337,0.9802955665024631
3338,0.9613970588235294
3339,0.9554794520547946
3340,0.9685314685314685
3341,0.9719626168224299
3342,0.9584569732937686
3343,0.95
3344,0.9839449541284404
3345,0.9758064516129032
3346,0.9528535980148883
3347,0.9611650485436893
3348,0.9748743718592965
3349,0.9792899408284024
3350,0.9761904761904762
3351,0.9812734082397003
3352,0.9791666666666666
3353,0.9691780821917808
3354,0.9738903394255874
3355,0.9731543624161074
3356,0.9536231884057971
3357,0.9602272727272727
3358,0.9799196787148594
3359,0.9464720194647201
3360,0.9618717504332756
3361,0.9382716049382716
3362,0.967391304347826
3363,0.979746835443038
3364,0.9433384379785605
3365,0.96484375
3366,0.9683098591549296
3367,0.9567901234567902
3368,0.9856801909307876
3369,0.9435483870967742
3370,0.9559902200488998
3371,0.9583333333333334
3372,0.9591836734693877
3373,0.9766081871345029
3374,0.9559748427672956
3375,0.9625
3376,0.9490835030549898
3377,0.9647887323943662
3378,0.9653846153846154
3379,0.9731876861966237
3380,0.9747899159663865
3381,0.986013986013986
3382,0.9479638009049773
3383,0.9599109131403119
3384,0.966542750929368
3385,0.9644970414201184
3386,0.9748858447488584
3387,0.991304347826087
3388,0.9672131147540983
3389,0.9879518072289156
3390,0.9828009828009828
3391,0.9568181818181818
3392,0.9628647214854111
3393,0.9670588235294117
3394,0.9916666666666667
3395,0.987603305785124
3396,0.958963282937365
3397,0.9701492537313433
3398,0.9867549668874173
3399,0.972318339100346
3400,0.9829351535836177
3401,0.9618834080717489
3402,0.9518072289156626
3403,0.4070796460176991
3404,0.9528301886792453
3405,0.9630681818181818
3406,0.9778672032193159
3407,0.9842767295597484
3408,0.9505813953488372
3409,0.9833333333333333
3410,0.9514767932489452
3411,0.9768211920529801
3412,0.962962962962963
3413,0.9894736842105263
3414,0.9626168224299065
3415,0.9862068965517241
3416,0.9808917197452229
3417,0.9636363636363636
3418,0.9715099715099715
3419,0.9659090909090909
3420,0.9791666666666666
3421,0.9136069114470843
3422,0.9841269841269842
3423,0.976271186440678
3424,0.9900990099009901
3425,0.941398865784499
3426,0.9791666666666666
3427,0.967032967032967
3428,0.9765886287625418
3429,0.9756838905775076
3430,0.9778481012658228
3431,0.9845814977973568
3432,0.9328859060402684
3433,0.9755102040816327
3434,0.9799196787148594
3435,0.9600798403193613
3436,0.9855072463768116
3437,0.9696969696969697
3438,0.9728997289972899
3439,0.9873949579831933
3440,0.9796437659033079
3441,0.9552941176470588
3442,0.9533898305084746
3443,0.9562043795620438
3444,0.9875
3445,0.9856115107913669
3446,0.9920634920634921
3447,0.9494163424124513
3448,0.978021978021978
3449,0.9894366197183099
3450,0.9610027855153204
3451,0.9498525073746312
3452,0.9897959183673469
3453,0.9746192893401016
3454,0.9813084112149533
3455,0.9842931937172775
3456,0.984375
3457,0.9437229437229437
3458,0.96
3459,0.9388888888888889
3460,0.9879518072289156
3461,0.9601593625498008
3462,0.9894179894179894
3463,0.966321243523316
3464,0.967984934086629
3465,0.9651898734177216
3466,0.9570957095709571
3467,0.9454545454545454
3468,0.9711538461538461
3469,0.9823788546255506
3470,0.9759036144578314
3471,0.9812925170068028
3472,0.9536585365853658
3473,0.9140625
3474,0.9838056680161943
3475,0.97165991902834
3476,0.9771863117870723
3477,0.975669099756691
3478,0.9719887955182073
3479,0.9646464646464646
3480,0.9438202247191011
3481,0.9765886287625418
3482,0.9758842443729904
3483,0.9678456591639871
3484,0.9717314487632509
3485,0.9570552147239264
3486,0.9356617647058824
3487,0.9670050761421319
3488,0.9693877551020408
3489,0.9925650557620818
3490,0.9569620253164557
3491,0.9841897233201581
3492,0.9508599508599509
3493,0.9823182711198428
3494,0.9461883408071748
3495,0.966796875
3496,0.9881656804733728
3497,0.9723320158102767
3498,0.9541284403669725
3499,0.973568281938326
3500,0.9659574468085106
3501,0.9805013927576601
3502,0.9849246231155779
3503,0.982532751091703
3504,0.9741935483870968
3505,0.9616519174041298
3506,0.9465346534653465
3507,0.9581151832460733
3508,0.9684542586750788
3509,0.9871244635193133
3510,0.9672897196261683
3511,0.9650145772594753
3512,0.9845559845559846
3513,0.98
3514,0.9619047619047619
3515,0.9785276073619632
3516,0.9359823399558499
3517,0.9797297297297297
3518,0.9650537634408602
3519,0.9736147757255936
3520,0.9720670391061452
3521,0.9637883008356546
3522,0.9848484848484849
3523,0.9634703196347032
3524,0.9706840390879479
3525,0.9462686567164179
3526,0.9112627986348123
3527,0.9533527696793003
3528,0.9784172661870504
3529,0.9742120343839542
3530,0.9514925373134329
3531,0.9778325123152709
3532,0.9906832298136646
3533,0.9791666666666666
3534,0.9715025906735751
3535,0.9863013698630136
3536,0.9656488549618321
3537,0.9389312977099237
3538,0.991304347826087
3539,0.9697624190064795
3540,0.9812734082397003
3541,0.9766233766233766
3542,0.9901477832512315
3543,0.95
3544,0.9
3545,0.9543859649122807
3546,0.9773462783171522
3547,0.9682242990654205
3548,0.9501557632398754
3549,0.9685714285714285
3550,0.8991304347826087
3551,0.9812734082397003
3552,0.9157303370786517
3553,0.9575070821529745
3554,0.984375
3555,0.9831932773109243
3556,0.9689655172413794
3557,0.9691211401425178
3558,0.976303317535545
3559,0.9746031746031746
3560,0.9763779527559056
3561,0.9748427672955975
3562,0.9817629179331308
3563,0.9595505617977528
3564,0.9710743801652892
3565,0.9907407407407407
3566,0.9439252336448598
3567,0.9541284403669725
3568,0.9776876267748479
3569,0.9824561403508771
3570,0.9716312056737588
3571,0.9568965517241379
3572,0.9792746113989638
3573,0.966542750929368
3574,0.9696969696969697
3575,0.9868421052631579
3576,0.9276139410187667
3577,0.96
3578,0.9895287958115183
3579,0.9801699716713881
3580,0.984472049689441
3581,0.9836601307189542
3582,0.9673024523160763
3583,0.9368029739776952
3584,0.9795918367346939
3585,0.9576837416481069
3586,0.9753363228699552
3587,0.9406565656565656
3588,0.9354395604395604
3589,0.9742268041237113
3590,0.9786096256684492
3591,0.9457700650759219
3592,0.971830985915493
3593,0.9497206703910615
3594,0.9823529411764705
3595,0.966789667896679
3596,0.9734848484848485
3597,0.9931972789115646
3598,0.9685534591194969
3599,0.9692307692307692
3600,0.9619883040935673
3601,0.9660194174757282
3602,0.950381679389313
3603,0.9715189873417721
3604,0.9898734177215189
3605,0.956221198156682
3606,0.9666666666666667
3607,0.9815384615384616
3608,0.9754385964912281
3609,0.9476584022038568
3610,0.9704918032786886
3611,0.9462809917355371
3612,0.9689922480620154
3613,0.9588235294117647
3614,0.9561128526645768
3615,0.9661016949152542
3616,0.9605633802816902
3617,0.9848484848484849
3618,0.9864253393665159
3619,0.9584905660377359
3620,0.9596541786743515
3621,0.9770992366412213
3622,0.9559902200488998
3623,0.9628180039138943
3624,0.9221967963386728
3625,0.9683257918552036
3626,0.9568345323741008
3627,0.9764150943396226
3628,0.9622641509433962
3629,0.9658536585365853
3630,0.9628482972136223
3631,0.9801587301587301
3632,0.9838709677419355
3633,0.9780701754385965
3634,0.9921875
3635,0.9679012345679012
3636,0.9759615384615384
3637,0.9710526315789474
3638,0.9641025641025641
3639,0.9595141700404858
3640,0.9171374764595104
3641,0.9570200573065902
3642,0.970108695652174
3643,0.9591397849462365
3644,0.9610027855153204
3645,0.9835390946502057
3646,0.9677966101694915
3647,0.9742120343839542
3648,0.9484777517564402
3649,0.9862068965517241
3650,0.9821073558648111
3651,0.9763513513513513
3652,0.9273127753303965
3653,0.964824120603015
3654,0.9395973154362416
3655,0.9675174013921114
3656,0.9396825396825397
3657,0.973621103117506
3658,0.9772079772079773
3659,0.9641873278236914
3660,0.981651376146789
3661,0.9698795180722891
3662,0.979253112033195
3663,0.9783950617283951
3664,0.9619883040935673
3665,0.9565217391304348
3666,0.9559748427672956
3667,0.9627906976744186
3668,0.9758308157099698
3669,0.9711191335740073
3670,0.929889298892989
3671,0.9644670050761421
3672,0.9648711943793911
3673,0.9367588932806324
3674,0.9692832764505119
3675,0.962962962962963
3676,0.9840637450199203
3677,0.9813664596273292
3678,0.9655172413793104
3679,0.9819277108433735
3680,0.9429657794676806
3681,0.9793388429752066
3682,0.9681159420289855
3683,0.9855072463768116
3684,0.9819004524886877
3685,0.9759036144578314
3686,0.9651474530831099
3687,0.9880239520958084
3688,0.9731404958677686
3689,0.977491961414791
3690,0.9744245524296675
3691,0.977961432506887
3692,0.9548872180451128
3693,0.9595238095238096
3694,0.9636363636363636
3695,0.9529190207156308
3696,0.959079283887468
3697,0.9665071770334929
3698,0.9559228650137741
3699,0.9634703196347032
3700,0.9770833333333333
3701,0.9479768786127167
3702,0.9834710743801653
3703,0.9568106312292359
3704,0.9788359788359788
3705,0.9766355140186916
3706,0.9704918032786886
3707,0.9458333333333333
3708,0.9788519637462235
3709,0.9691629955947136
3710,0.9685534591194969
3711,0.9404761904761905
3712,0.9919028340080972
3713,0.9601990049751243
3714,0.9933628318584071
3715,0.9645922746781116
3716,0.9830508474576272
3717,0.9661266568483063
3718,0.9826086956521739
3719,0.99644128113879
3720,0.9576059850374065
3721,0.965034965034965
3722,0.9922779922779923
3723,0.9845201238390093
3724,0.9485049833887044
3725,0.946969696969697
3726,0.9763113367174281
3727,0.952755905511811
3728,0.9568733153638814
3729,0.9923371647509579
3730,0.991304347826087
3731,0.9700374531835206
3732,0.9466192170818505
3733,0.9501661129568106
3734,0.9875518672199171
3735,0.9691119691119691
3736,0.9779179810725552
3737,0.9759358288770054
3738,0.9230769230769231
3739,0.9815789473684211
3740,0.9811320754716981
3741,0.9907834101382489
3742,0.9786780383795309
3743,0.971830985915493
3744,0.953781512605042
3745,0.9597701149425287
3746,0.9568345323741008
3747,0.9722863741339491
3748,0.9647887323943662
3749,0.9703196347031964
3750,0.9809885931558935
3751,0.9709677419354839
3752,0.9659090909090909
3753,0.9264367816091954
3754,0.9782608695652174
3755,0.9583333333333334
3756,0.9692982456140351
3757,0.9781818181818182
3758,0.9623015873015873
3759,0.9490196078431372
3760,0.9679144385026738
3761,0.9813664596273292
3762,0.9472843450479234
3763,0.9209876543209876
3764,0.9710144927536232
3765,0.9485981308411215
3766,0.975975975975976
3767,0.9864864864864865
3768,0.961038961038961
3769,0.9523809523809523
3770,0.969811320754717
3771,0.9662337662337662
3772,0.9797979797979798
3773,0.9445628997867804
3774,0.9408602150537635
3775,0.9490909090909091
3776,0.9661016949152542
3777,0.975609756097561
3778,0.9851190476190477
3779,0.9523809523809523
3780,0.9743589743589743
3781,0.9726027397260274
3782,0.9668367346938775
3783,0.9853801169590644
3784,0.9752747252747253
3785,0.9597156398104265
3786,0.9903147699757869
3787,0.9698630136986301
3788,0.9518900343642611
3789,0.9651567944250871
3790,0.9770114942528736
3791,0.9594594594594594
3792,0.9530516431924883
3793,0.9635854341736695
3794,0.964200477326969
3795,0.9411764705882353
3796,0.9708029197080292
3797,0.9487704918032787
3798,0.9577922077922078
3799,0.9627329192546584
3800,0.9458128078817734
3801,0.9720812182741116
3802,0.9909365558912386
3803,0.9766899766899767
3804,0.9826388888888888
3805,0.9734848484848485
3806,0.9478672985781991
3807,0.9658792650918635
3808,0.9788732394366197
3809,0.9674556213017751
3810,0.977491961414791
3811,0.9548133595284872
3812,0.9273504273504274
3813,0.9011627906976745
3814,0.9579124579124579
3815,0.9478827361563518
3816,0.954225352112676
3817,0.9795081967213115
3818,0.9769230769230769
3819,0.96
3820,0.959349593495935
3821,0.9344262295081968
3822,0.9601449275362319
3823,0.9773584905660377
3824,0.9833333333333333
3825,0.9731663685152058
3826,0.9669117647058824
3827,0.9280155642023347
3828,0.9898477157360406
3829,0.9667774086378738
3830,0.9756944444444444
3831,0.9508928571428571
3832,0.967741935483871
3833,0.95260663507109
3834,0.9760147601476015
3835,0.9884393063583815
3836,0.9447852760736196
3837,0.9759450171821306
3838,0.9646739130434783
3839,0.976027397260274
3840,0.9829545454545454
3841,0.9615384615384616
3842,0.982646420824295
3843,0.9702127659574468
3844,0.9848484848484849
3845,0.9710982658959537
3846,0.9741100323624595
3847,0.9452554744525548
3848,0.9389140271493213
3849,0.9804772234273319
3850,0.9776357827476039
3851,0.964245810055866
3852,0.989247311827957
3853,0.9739776951672863
3854,0.9779179810725552
3855,0.9692307692307692
3856,0.9616724738675958
3857,0.9873949579831933
3858,0.9230769230769231
3859,0.8888888888888888
3860,0.963265306122449
3861,0.9597069597069597
3862,0.9633699633699634
3863,0.9863013698630136
3864,0.9745547073791349
3865,0.9555555555555556
3866,0.9595015576323987
3867,0.9651741293532339
3868,0.9281867145421903
3869,0.9731800766283525
3870,0.9623824451410659
3871,0.9458689458689459
3872,0.9525862068965517
3873,0.9814814814814815
3874,0.9149484536082474
3875,0.9658119658119658
3876,0.9778761061946902
3877,0.9748283752860412
3878,0.9475
3879,0.945823927765237
3880,0.9522184300341296
3881,0.939873417721519
3882,0.948220064724919
3883,0.9852941176470589
3884,0.9789719626168224
3885,0.9813829787234043
3886,0.9588235294117647
3887,0.9771689497716896
3888,0.978328173374613
3889,0.9888888888888889
3890,0.962457337883959
3891,0.9325842696629214
3892,0.9721518987341772
3893,0.9833729216152018
3894,0.9654088050314465
3895,0.9788235294117648
3896,0.9743589743589743
3897,0.9620689655172414
3898,0.9765957446808511
3899,0.9664082687338501
3900,0.9736070381231672
3901,0.9541108986615678
3902,0.9638989169675091
3903,0.9487179487179487
3904,0.9902597402597403
3905,0.9522292993630573
3906,0.9796511627906976
3907,0.9621380846325167
3908,0.962962962962963
3909,0.992831541218638
3910,0.9710982658959537
3911,0.9675675675675676
3912,0.9578947368421052
3913,0.98125
3914,0.947136563876652
3915,0.9643835616438357
3916,0.9656019656019657
3917,0.9811320754716981
3918,0.9790575916230366
3919,0.9648711943793911
3920,0.9859154929577465
3921,0.9525773195876288
3922,0.975609756097561
3923,0.967741935483871
3924,0.9430147058823529
3925,0.990909090909091
3926,0.9855595667870036
3927,0.9427609427609428
3928,0.9575471698113207
3929,0.9767441860465116
3930,0.9712041884816754
3931,0.9580152671755725
3932,0.9764705882352941
3933,0.989010989010989
3934,0.9578947368421052
3935,0.9775280898876404
3936,0.9767441860465116
3937,0.8886679920477137
3938,0.9284578696343402
3939,0.9618528610354223
3940,0.9452554744525548
3941,0.9747368421052631
3942,0.956081081081081
3943,0.9765258215962441
3944,0.9594594594594594
3945,0.9522292993630573
3946,0.9620991253644315
3947,0.9761194029850746
3948,0.9776357827476039
3949,0.9790356394129979
3950,0.9508599508599509
3951,0.9625779625779626
3952,0.9830917874396136
3953,0.9705093833780161
3954,0.9663608562691132
3955,0.9713261648745519
3956,0.972972972972973
3957,0.9723926380368099
3958,0.9757785467128027
3959,0.9530956848030019
3960,0.9488636363636364
3961,0.9860627177700348
3962,0.9832402234636871
3963,0.9828767123287672
3964,0.956989247311828
3965,0.9808743169398907
3966,0.9861111111111112
3967,0.9643705463182898
3968,0.9686847599164927
3969,0.9636752136752137
3970,0.9641255605381166
3971,0.9881796690307328
3972,0.9814814814814815
3973,0.9781818181818182
3974,0.9551282051282052
3975,0.9858012170385395
3976,0.9694189602446484
3977,0.9682539682539683
3978,0.9583333333333334
3979,0.98046875
3980,0.976897689768977
3981,0.9763779527559056
3982,0.9694323144104804
3983,0.9792207792207792
3984,0.9776595744680852
3985,0.9647058823529412
3986,0.9597069597069597
3987,0.9741100323624595
3988,0.9797979797979798
3989,0.9737827715355806
3990,0.9411764705882353
3991,0.9922077922077922
3992,0.984375
3993,0.9840764331210191
3994,0.9819494584837545
3995,0.969811320754717
3996,0.9322033898305084
3997,0.9804560260586319
3998,0.9688715953307393
3999,0.9918533604887984
4000,0.9664179104477612
4001,0.9858156028368794
4002,0.9890710382513661
4003,0.9796747967479675
4004,0.9886039886039886
4005,0.9473684210526316
4006,0.9843342036553525
4007,0.9685039370078741
4008,0.9871244635193133
4009,0.9854545454545455
4010,0.9650793650793651
4011,0.9713261648745519
4012,0.9735799207397622
4013,0.972318339100346
4014,0.9851851851851852
4015,0.983957219251337
4016,0.9783653846153846
4017,0.9747634069400631
4018,0.9652605459057072
4019,0.972318339100346
4020,0.9545454545454546
4021,0.9791666666666666
4022,0.9854545454545455
